Orthogroup	Latest_AmilRS_AdiTakeuchi_SpisPeled_SpisDrake_SpisManju_extras.FIX (5)	Spis.genome.annotation.pep.longest
OG0001489	JR998014.1	
OG0001490	JR971508.1	
OG0001491	aug_v2a.08856.t1	
OG0001492	aug_v2a.18376.t1	
OG0001493	XP_022788730.1	
OG0001494	XP_022796982.1	
OG0001495	XP_022809269.1	
OG0001496	g11674	
OG0001497	g9654	
OG0001498	g11702	
OG0001499	g15888	
OG0001500	g1441	
OG0001501	g3745.t1	
OG0001502	g2116	
OG0001503	10186	
OG0001504	g10187	
OG0001505	g10188	
OG0001506	g24177	
OG0001507	g37058	
OG0001508	g2115	
OG0001509	g11190	
OG0001510	g15955	
OG0001511	g39770	
OG0001512	g15294.t1	
OG0001513		Spis2.t1
OG0001514		Spis5
OG0001515		Spis6
OG0001516		Spis12
OG0001517		Spis13
OG0001518		Spis14
OG0001519		Spis15
OG0001520		Spis19
OG0001521		Spis25
OG0001522		Spis26
OG0001523		Spis27
OG0001524		Spis31.t1
OG0001525		Spis33
OG0001526		Spis50
OG0001527		Spis51
OG0001528		Spis57
OG0001529		Spis60.t2
OG0001530		Spis61
OG0001531		Spis63
OG0001532		Spis64
OG0001533		Spis69
OG0001534		Spis72
OG0001535		Spis74
OG0001536		Spis80
OG0001537		Spis86
OG0001538		Spis87
OG0001539		Spis88
OG0001540		Spis89
OG0001541		Spis90
OG0001542		Spis92
OG0001543		Spis93
OG0001544		Spis96
OG0001545		Spis97
OG0001546		Spis99
OG0001547		Spis100
OG0001548		Spis111.t2
OG0001549		Spis112
OG0001550		Spis113
OG0001551		Spis114
OG0001552		Spis115
OG0001553		Spis117
OG0001554		Spis123
OG0001555		Spis128
OG0001556		Spis129
OG0001557		Spis130
OG0001558		Spis133
OG0001559		Spis135
OG0001560		Spis136.t1
OG0001561		Spis137
OG0001562		Spis140
OG0001563		Spis150
OG0001564		Spis162
OG0001565		Spis165
OG0001566		Spis170
OG0001567		Spis176
OG0001568		Spis177
OG0001569		Spis182
OG0001570		Spis183
OG0001571		Spis187
OG0001572		Spis188
OG0001573		Spis189
OG0001574		Spis215
OG0001575		Spis216
OG0001576		Spis218.t1
OG0001577		Spis222
OG0001578		Spis225
OG0001579		Spis226
OG0001580		Spis227
OG0001581		Spis229
OG0001582		Spis238
OG0001583		Spis239
OG0001584		Spis242
OG0001585		Spis243
OG0001586		Spis268
OG0001587		Spis271
OG0001588		Spis280
OG0001589		Spis281
OG0001590		Spis282
OG0001591		Spis285
OG0001592		Spis291
OG0001593		Spis292
OG0001594		Spis298
OG0001595		Spis299
OG0001596		Spis301
OG0001597		Spis310
OG0001598		Spis314.t1
OG0001599		Spis316
OG0001600		Spis339.t1
OG0001601		Spis340
OG0001602		Spis341.t1
OG0001603		Spis352
OG0001604		Spis353
OG0001605		Spis357
OG0001606		Spis359
OG0001607		Spis364
OG0001608		Spis368
OG0001609		Spis369
OG0001610		Spis383.t1
OG0001611		Spis402
OG0001612		Spis408
OG0001613		Spis415.t1
OG0001614		Spis417
OG0001615		Spis424
OG0001616		Spis425
OG0001617		Spis427.t1
OG0001618		Spis438
OG0001619		Spis440
OG0001620		Spis444
OG0001621		Spis452
OG0001622		Spis466
OG0001623		Spis475
OG0001624		Spis480
OG0001625		Spis481
OG0001626		Spis485
OG0001627		Spis493
OG0001628		Spis497
OG0001629		Spis519.t1
OG0001630		Spis520
OG0001631		Spis522
OG0001632		Spis523
OG0001633		Spis524
OG0001634		Spis530
OG0001635		Spis531
OG0001636		Spis532
OG0001637		Spis536
OG0001638		Spis539
OG0001639		Spis540
OG0001640		Spis541
OG0001641		Spis546
OG0001642		Spis552
OG0001643		Spis555
OG0001644		Spis572
OG0001645		Spis577
OG0001646		Spis578
OG0001647		Spis581
OG0001648		Spis583.t1
OG0001649		Spis588
OG0001650		Spis589
OG0001651		Spis591
OG0001652		Spis594
OG0001653		Spis596
OG0001654		Spis610
OG0001655		Spis616
OG0001656		Spis621
OG0001657		Spis623
OG0001658		Spis627
OG0001659		Spis642
OG0001660		Spis643.t1
OG0001661		Spis644.t1
OG0001662		Spis648
OG0001663		Spis649
OG0001664		Spis654
OG0001665		Spis655
OG0001666		Spis656
OG0001667		Spis657
OG0001668		Spis659
OG0001669		Spis660
OG0001670		Spis662
OG0001671		Spis678
OG0001672		Spis686
OG0001673		Spis700
OG0001674		Spis703
OG0001675		Spis709
OG0001676		Spis710
OG0001677		Spis712
OG0001678		Spis713
OG0001679		Spis715
OG0001680		Spis750
OG0001681		Spis754
OG0001682		Spis758
OG0001683		Spis759
OG0001684		Spis762
OG0001685		Spis765
OG0001686		Spis773
OG0001687		Spis781.t1
OG0001688		Spis782
OG0001689		Spis810.t1
OG0001690		Spis811
OG0001691		Spis812
OG0001692		Spis813
OG0001693		Spis815.t1
OG0001694		Spis816
OG0001695		Spis820
OG0001696		Spis823
OG0001697		Spis830
OG0001698		Spis836
OG0001699		Spis838
OG0001700		Spis842
OG0001701		Spis843
OG0001702		Spis849
OG0001703		Spis851
OG0001704		Spis862
OG0001705		Spis865
OG0001706		Spis866
OG0001707		Spis878
OG0001708		Spis879
OG0001709		Spis882
OG0001710		Spis904
OG0001711		Spis908.t2
OG0001712		Spis911
OG0001713		Spis915
OG0001714		Spis916
OG0001715		Spis921
OG0001716		Spis953
OG0001717		Spis955
OG0001718		Spis960
OG0001719		Spis962
OG0001720		Spis963
OG0001721		Spis964.t1
OG0001722		Spis966
OG0001723		Spis967
OG0001724		Spis968
OG0001725		Spis969
OG0001726		Spis973.t1
OG0001727		Spis976.t1
OG0001728		Spis978
OG0001729		Spis987
OG0001730		Spis990
OG0001731		Spis994
OG0001732		Spis1000.t1
OG0001733		Spis1009
OG0001734		Spis1012.t1
OG0001735		Spis1017
OG0001736		Spis1019
OG0001737		Spis1021
OG0001738		Spis1036
OG0001739		Spis1040.t2
OG0001740		Spis1052
OG0001741		Spis1053.t2
OG0001742		Spis1054
OG0001743		Spis1059
OG0001744		Spis1063
OG0001745		Spis1067
OG0001746		Spis1071
OG0001747		Spis1074.t1
OG0001748		Spis1077
OG0001749		Spis1084
OG0001750		Spis1089
OG0001751		Spis1092
OG0001752		Spis1094
OG0001753		Spis1095
OG0001754		Spis1110
OG0001755		Spis1111
OG0001756		Spis1112
OG0001757		Spis1113
OG0001758		Spis1114.t1
OG0001759		Spis1115
OG0001760		Spis1122
OG0001761		Spis1123
OG0001762		Spis1127
OG0001763		Spis1132
OG0001764		Spis1133
OG0001765		Spis1136
OG0001766		Spis1156
OG0001767		Spis1166
OG0001768		Spis1167
OG0001769		Spis1168.t1
OG0001770		Spis1185
OG0001771		Spis1186
OG0001772		Spis1188
OG0001773		Spis1191
OG0001774		Spis1192
OG0001775		Spis1201
OG0001776		Spis1228
OG0001777		Spis1229
OG0001778		Spis1241
OG0001779		Spis1243
OG0001780		Spis1245
OG0001781		Spis1261
OG0001782		Spis1262
OG0001783		Spis1273
OG0001784		Spis1285
OG0001785		Spis1297
OG0001786		Spis1299
OG0001787		Spis1302
OG0001788		Spis1304.t1
OG0001789		Spis1305
OG0001790		Spis1308
OG0001791		Spis1316
OG0001792		Spis1326
OG0001793		Spis1338
OG0001794		Spis1340
OG0001795		Spis1343
OG0001796		Spis1346.t1
OG0001797		Spis1352
OG0001798		Spis1354
OG0001799		Spis1356
OG0001800		Spis1361
OG0001801		Spis1363
OG0001802		Spis1366
OG0001803		Spis1372
OG0001804		Spis1373
OG0001805		Spis1375.t1
OG0001806		Spis1381
OG0001807		Spis1386
OG0001808		Spis1390
OG0001809		Spis1394
OG0001810		Spis1400
OG0001811		Spis1402
OG0001812		Spis1405
OG0001813		Spis1406
OG0001814		Spis1407
OG0001815		Spis1409
OG0001816		Spis1414
OG0001817		Spis1415
OG0001818		Spis1418
OG0001819		Spis1419
OG0001820		Spis1441
OG0001821		Spis1442
OG0001822		Spis1443
OG0001823		Spis1444
OG0001824		Spis1446
OG0001825		Spis1447
OG0001826		Spis1448
OG0001827		Spis1452
OG0001828		Spis1454
OG0001829		Spis1455
OG0001830		Spis1459
OG0001831		Spis1471
OG0001832		Spis1479.t1
OG0001833		Spis1484
OG0001834		Spis1501.t1
OG0001835		Spis1502
OG0001836		Spis1504
OG0001837		Spis1512
OG0001838		Spis1514
OG0001839		Spis1515
OG0001840		Spis1521
OG0001841		Spis1524
OG0001842		Spis1525
OG0001843		Spis1528
OG0001844		Spis1550.t2
OG0001845		Spis1559
OG0001846		Spis1560
OG0001847		Spis1562.t2
OG0001848		Spis1569
OG0001849		Spis1572
OG0001850		Spis1574
OG0001851		Spis1579
OG0001852		Spis1581
OG0001853		Spis1586
OG0001854		Spis1588
OG0001855		Spis1599
OG0001856		Spis1606
OG0001857		Spis1607
OG0001858		Spis1614
OG0001859		Spis1615
OG0001860		Spis1618
OG0001861		Spis1619
OG0001862		Spis1620.t1
OG0001863		Spis1627
OG0001864		Spis1631
OG0001865		Spis1634
OG0001866		Spis1635.t1
OG0001867		Spis1636
OG0001868		Spis1637.t2
OG0001869		Spis1639
OG0001870		Spis1640
OG0001871		Spis1641
OG0001872		Spis1647
OG0001873		Spis1649
OG0001874		Spis1655
OG0001875		Spis1659
OG0001876		Spis1660
OG0001877		Spis1663.t1
OG0001878		Spis1666
OG0001879		Spis1671
OG0001880		Spis1675
OG0001881		Spis1680
OG0001882		Spis1681
OG0001883		Spis1682
OG0001884		Spis1688
OG0001885		Spis1690.t1
OG0001886		Spis1696
OG0001887		Spis1700
OG0001888		Spis1702
OG0001889		Spis1704
OG0001890		Spis1705
OG0001891		Spis1706
OG0001892		Spis1707
OG0001893		Spis1710
OG0001894		Spis1727
OG0001895		Spis1737.t1
OG0001896		Spis1739
OG0001897		Spis1742
OG0001898		Spis1745
OG0001899		Spis1763
OG0001900		Spis1767
OG0001901		Spis1772
OG0001902		Spis1773
OG0001903		Spis1784
OG0001904		Spis1785
OG0001905		Spis1791.t1
OG0001906		Spis1794
OG0001907		Spis1795
OG0001908		Spis1805
OG0001909		Spis1806
OG0001910		Spis1808
OG0001911		Spis1810
OG0001912		Spis1811
OG0001913		Spis1813
OG0001914		Spis1814
OG0001915		Spis1815
OG0001916		Spis1820
OG0001917		Spis1827
OG0001918		Spis1834
OG0001919		Spis1835
OG0001920		Spis1836
OG0001921		Spis1843
OG0001922		Spis1844
OG0001923		Spis1853
OG0001924		Spis1854
OG0001925		Spis1856
OG0001926		Spis1864
OG0001927		Spis1865
OG0001928		Spis1868
OG0001929		Spis1869
OG0001930		Spis1870.t1
OG0001931		Spis1873
OG0001932		Spis1879
OG0001933		Spis1880
OG0001934		Spis1881
OG0001935		Spis1882
OG0001936		Spis1883
OG0001937		Spis1892
OG0001938		Spis1897
OG0001939		Spis1905
OG0001940		Spis1919
OG0001941		Spis1920
OG0001942		Spis1923
OG0001943		Spis1926
OG0001944		Spis1930.t1
OG0001945		Spis1932
OG0001946		Spis1943
OG0001947		Spis1947
OG0001948		Spis1965
OG0001949		Spis1966
OG0001950		Spis1967
OG0001951		Spis1968
OG0001952		Spis1969
OG0001953		Spis1973
OG0001954		Spis1995
OG0001955		Spis1996
OG0001956		Spis2008
OG0001957		Spis2035
OG0001958		Spis2039
OG0001959		Spis2042.t1
OG0001960		Spis2074
OG0001961		Spis2076
OG0001962		Spis2109
OG0001963		Spis2110
OG0001964		Spis2114
OG0001965		Spis2117
OG0001966		Spis2118
OG0001967		Spis2123
OG0001968		Spis2129.t1
OG0001969		Spis2148
OG0001970		Spis2151
OG0001971		Spis2154
OG0001972		Spis2168
OG0001973		Spis2173
OG0001974		Spis2174
OG0001975		Spis2178
OG0001976		Spis2179
OG0001977		Spis2183
OG0001978		Spis2186
OG0001979		Spis2187
OG0001980		Spis2189.t1
OG0001981		Spis2192
OG0001982		Spis2196
OG0001983		Spis2200
OG0001984		Spis2203
OG0001985		Spis2204
OG0001986		Spis2205
OG0001987		Spis2212
OG0001988		Spis2215
OG0001989		Spis2218
OG0001990		Spis2230.t1
OG0001991		Spis2240
OG0001992		Spis2241
OG0001993		Spis2249
OG0001994		Spis2250
OG0001995		Spis2265
OG0001996		Spis2267
OG0001997		Spis2268
OG0001998		Spis2269
OG0001999		Spis2277
OG0002000		Spis2280
OG0002001		Spis2282
OG0002002		Spis2315
OG0002003		Spis2316
OG0002004		Spis2321
OG0002005		Spis2322
OG0002006		Spis2323
OG0002007		Spis2324
OG0002008		Spis2329
OG0002009		Spis2332
OG0002010		Spis2333
OG0002011		Spis2334
OG0002012		Spis2335
OG0002013		Spis2336
OG0002014		Spis2337
OG0002015		Spis2338
OG0002016		Spis2339
OG0002017		Spis2340
OG0002018		Spis2341
OG0002019		Spis2342
OG0002020		Spis2355
OG0002021		Spis2363.t2
OG0002022		Spis2364
OG0002023		Spis2365
OG0002024		Spis2367
OG0002025		Spis2369
OG0002026		Spis2373
OG0002027		Spis2380
OG0002028		Spis2386
OG0002029		Spis2387
OG0002030		Spis2397
OG0002031		Spis2398
OG0002032		Spis2404
OG0002033		Spis2405
OG0002034		Spis2410
OG0002035		Spis2411
OG0002036		Spis2412
OG0002037		Spis2421
OG0002038		Spis2429
OG0002039		Spis2438
OG0002040		Spis2460.t1
OG0002041		Spis2466
OG0002042		Spis2473
OG0002043		Spis2474
OG0002044		Spis2485
OG0002045		Spis2487
OG0002046		Spis2490
OG0002047		Spis2494
OG0002048		Spis2496
OG0002049		Spis2498
OG0002050		Spis2501
OG0002051		Spis2502
OG0002052		Spis2503
OG0002053		Spis2505
OG0002054		Spis2514
OG0002055		Spis2516
OG0002056		Spis2519
OG0002057		Spis2521
OG0002058		Spis2526
OG0002059		Spis2528
OG0002060		Spis2530
OG0002061		Spis2532
OG0002062		Spis2535
OG0002063		Spis2537
OG0002064		Spis2538
OG0002065		Spis2540
OG0002066		Spis2545
OG0002067		Spis2547.t1
OG0002068		Spis2548
OG0002069		Spis2581
OG0002070		Spis2583
OG0002071		Spis2603
OG0002072		Spis2611
OG0002073		Spis2612
OG0002074		Spis2613.t1
OG0002075		Spis2621
OG0002076		Spis2624
OG0002077		Spis2625.t1
OG0002078		Spis2626
OG0002079		Spis2635
OG0002080		Spis2636
OG0002081		Spis2658
OG0002082		Spis2661
OG0002083		Spis2663
OG0002084		Spis2664
OG0002085		Spis2667
OG0002086		Spis2668
OG0002087		Spis2669
OG0002088		Spis2670
OG0002089		Spis2671
OG0002090		Spis2676
OG0002091		Spis2678
OG0002092		Spis2686
OG0002093		Spis2687
OG0002094		Spis2698
OG0002095		Spis2701
OG0002096		Spis2706
OG0002097		Spis2710
OG0002098		Spis2714
OG0002099		Spis2715
OG0002100		Spis2720
OG0002101		Spis2725
OG0002102		Spis2727.t1
OG0002103		Spis2738
OG0002104		Spis2739
OG0002105		Spis2750
OG0002106		Spis2752
OG0002107		Spis2755
OG0002108		Spis2761
OG0002109		Spis2773
OG0002110		Spis2775
OG0002111		Spis2777
OG0002112		Spis2778
OG0002113		Spis2779.t1
OG0002114		Spis2785
OG0002115		Spis2787
OG0002116		Spis2789
OG0002117		Spis2807
OG0002118		Spis2810
OG0002119		Spis2820
OG0002120		Spis2826
OG0002121		Spis2838
OG0002122		Spis2839
OG0002123		Spis2841
OG0002124		Spis2842
OG0002125		Spis2845
OG0002126		Spis2848
OG0002127		Spis2850.t1
OG0002128		Spis2851
OG0002129		Spis2856
OG0002130		Spis2857
OG0002131		Spis2858
OG0002132		Spis2859
OG0002133		Spis2860
OG0002134		Spis2865
OG0002135		Spis2866
OG0002136		Spis2868
OG0002137		Spis2869
OG0002138		Spis2879
OG0002139		Spis2880
OG0002140		Spis2888
OG0002141		Spis2894
OG0002142		Spis2897
OG0002143		Spis2898.t1
OG0002144		Spis2901
OG0002145		Spis2902
OG0002146		Spis2905
OG0002147		Spis2909
OG0002148		Spis2921
OG0002149		Spis2924
OG0002150		Spis2926
OG0002151		Spis2927
OG0002152		Spis2929
OG0002153		Spis2933
OG0002154		Spis2934
OG0002155		Spis2947
OG0002156		Spis2951
OG0002157		Spis2953
OG0002158		Spis2964
OG0002159		Spis2967
OG0002160		Spis2972
OG0002161		Spis2975
OG0002162		Spis2979
OG0002163		Spis2987
OG0002164		Spis2990
OG0002165		Spis2999
OG0002166		Spis3009
OG0002167		Spis3010
OG0002168		Spis3018
OG0002169		Spis3029
OG0002170		Spis3030
OG0002171		Spis3033
OG0002172		Spis3035
OG0002173		Spis3036
OG0002174		Spis3037
OG0002175		Spis3044
OG0002176		Spis3046
OG0002177		Spis3053
OG0002178		Spis3061
OG0002179		Spis3062
OG0002180		Spis3065
OG0002181		Spis3066
OG0002182		Spis3081
OG0002183		Spis3085
OG0002184		Spis3089
OG0002185		Spis3106
OG0002186		Spis3117
OG0002187		Spis3118
OG0002188		Spis3121.t1
OG0002189		Spis3122
OG0002190		Spis3129
OG0002191		Spis3132
OG0002192		Spis3146
OG0002193		Spis3147
OG0002194		Spis3149
OG0002195		Spis3150
OG0002196		Spis3153
OG0002197		Spis3170
OG0002198		Spis3173
OG0002199		Spis3183
OG0002200		Spis3186
OG0002201		Spis3190
OG0002202		Spis3195
OG0002203		Spis3206
OG0002204		Spis3239
OG0002205		Spis3240
OG0002206		Spis3241
OG0002207		Spis3246
OG0002208		Spis3247
OG0002209		Spis3272
OG0002210		Spis3278
OG0002211		Spis3282
OG0002212		Spis3284
OG0002213		Spis3287
OG0002214		Spis3288
OG0002215		Spis3295
OG0002216		Spis3297
OG0002217		Spis3298
OG0002218		Spis3310
OG0002219		Spis3311
OG0002220		Spis3312
OG0002221		Spis3332
OG0002222		Spis3333
OG0002223		Spis3336
OG0002224		Spis3338.t2
OG0002225		Spis3346
OG0002226		Spis3348
OG0002227		Spis3355
OG0002228		Spis3357
OG0002229		Spis3362
OG0002230		Spis3363
OG0002231		Spis3368
OG0002232		Spis3369
OG0002233		Spis3379
OG0002234		Spis3387
OG0002235		Spis3402.t1
OG0002236		Spis3404
OG0002237		Spis3405
OG0002238		Spis3413
OG0002239		Spis3417
OG0002240		Spis3419
OG0002241		Spis3424
OG0002242		Spis3430
OG0002243		Spis3433
OG0002244		Spis3442
OG0002245		Spis3461
OG0002246		Spis3467
OG0002247		Spis3468
OG0002248		Spis3473
OG0002249		Spis3474
OG0002250		Spis3475
OG0002251		Spis3480
OG0002252		Spis3482
OG0002253		Spis3484
OG0002254		Spis3485
OG0002255		Spis3487
OG0002256		Spis3489
OG0002257		Spis3492
OG0002258		Spis3499
OG0002259		Spis3504
OG0002260		Spis3506.t1
OG0002261		Spis3507
OG0002262		Spis3509
OG0002263		Spis3514
OG0002264		Spis3516
OG0002265		Spis3524
OG0002266		Spis3536
OG0002267		Spis3537.t1
OG0002268		Spis3538
OG0002269		Spis3539.t1
OG0002270		Spis3545
OG0002271		Spis3549
OG0002272		Spis3550.t1
OG0002273		Spis3556
OG0002274		Spis3560
OG0002275		Spis3562.t1
OG0002276		Spis3564
OG0002277		Spis3565
OG0002278		Spis3566.t1
OG0002279		Spis3570
OG0002280		Spis3572
OG0002281		Spis3573
OG0002282		Spis3577
OG0002283		Spis3583
OG0002284		Spis3589
OG0002285		Spis3590
OG0002286		Spis3591.t1
OG0002287		Spis3594
OG0002288		Spis3596
OG0002289		Spis3599
OG0002290		Spis3600
OG0002291		Spis3604
OG0002292		Spis3606
OG0002293		Spis3608
OG0002294		Spis3609
OG0002295		Spis3613
OG0002296		Spis3615
OG0002297		Spis3617
OG0002298		Spis3619
OG0002299		Spis3625
OG0002300		Spis3627
OG0002301		Spis3629
OG0002302		Spis3630
OG0002303		Spis3635
OG0002304		Spis3636
OG0002305		Spis3637
OG0002306		Spis3647
OG0002307		Spis3653
OG0002308		Spis3656
OG0002309		Spis3658
OG0002310		Spis3662
OG0002311		Spis3663
OG0002312		Spis3664
OG0002313		Spis3671
OG0002314		Spis3674
OG0002315		Spis3683
OG0002316		Spis3684.t1
OG0002317		Spis3688
OG0002318		Spis3690
OG0002319		Spis3691
OG0002320		Spis3699
OG0002321		Spis3700.t2
OG0002322		Spis3701
OG0002323		Spis3702
OG0002324		Spis3703
OG0002325		Spis3713
OG0002326		Spis3714
OG0002327		Spis3717.t1
OG0002328		Spis3720.t1
OG0002329		Spis3722
OG0002330		Spis3727
OG0002331		Spis3737
OG0002332		Spis3746
OG0002333		Spis3752
OG0002334		Spis3753
OG0002335		Spis3759
OG0002336		Spis3766
OG0002337		Spis3770
OG0002338		Spis3785
OG0002339		Spis3788
OG0002340		Spis3790
OG0002341		Spis3791
OG0002342		Spis3794
OG0002343		Spis3796
OG0002344		Spis3797
OG0002345		Spis3799
OG0002346		Spis3801
OG0002347		Spis3803
OG0002348		Spis3810
OG0002349		Spis3811
OG0002350		Spis3812
OG0002351		Spis3813
OG0002352		Spis3814
OG0002353		Spis3825
OG0002354		Spis3854
OG0002355		Spis3856
OG0002356		Spis3863.t1
OG0002357		Spis3865
OG0002358		Spis3872
OG0002359		Spis3874
OG0002360		Spis3878
OG0002361		Spis3880
OG0002362		Spis3886
OG0002363		Spis3888
OG0002364		Spis3911
OG0002365		Spis3914
OG0002366		Spis3915
OG0002367		Spis3917
OG0002368		Spis3921.t2
OG0002369		Spis3938
OG0002370		Spis3940
OG0002371		Spis3943
OG0002372		Spis3945
OG0002373		Spis3950
OG0002374		Spis3956
OG0002375		Spis3959
OG0002376		Spis3960
OG0002377		Spis3961
OG0002378		Spis3963
OG0002379		Spis3964
OG0002380		Spis3965
OG0002381		Spis3967
OG0002382		Spis3970
OG0002383		Spis3972
OG0002384		Spis3974.t1
OG0002385		Spis3996
OG0002386		Spis3997
OG0002387		Spis3998
OG0002388		Spis4000.t1
OG0002389		Spis4009
OG0002390		Spis4010
OG0002391		Spis4011
OG0002392		Spis4012
OG0002393		Spis4017
OG0002394		Spis4027
OG0002395		Spis4031
OG0002396		Spis4054
OG0002397		Spis4058
OG0002398		Spis4059
OG0002399		Spis4066
OG0002400		Spis4068
OG0002401		Spis4071
OG0002402		Spis4075
OG0002403		Spis4079
OG0002404		Spis4082
OG0002405		Spis4087
OG0002406		Spis4090
OG0002407		Spis4093
OG0002408		Spis4094
OG0002409		Spis4095
OG0002410		Spis4107
OG0002411		Spis4109
OG0002412		Spis4116
OG0002413		Spis4117
OG0002414		Spis4121
OG0002415		Spis4123
OG0002416		Spis4125
OG0002417		Spis4133
OG0002418		Spis4135
OG0002419		Spis4137
OG0002420		Spis4138.t1
OG0002421		Spis4140
OG0002422		Spis4143
OG0002423		Spis4152
OG0002424		Spis4160
OG0002425		Spis4163
OG0002426		Spis4164
OG0002427		Spis4166.t1
OG0002428		Spis4168
OG0002429		Spis4171
OG0002430		Spis4178
OG0002431		Spis4182
OG0002432		Spis4183.t1
OG0002433		Spis4188
OG0002434		Spis4189
OG0002435		Spis4193
OG0002436		Spis4197
OG0002437		Spis4198
OG0002438		Spis4200
OG0002439		Spis4202
OG0002440		Spis4203.t1
OG0002441		Spis4205
OG0002442		Spis4206
OG0002443		Spis4207
OG0002444		Spis4210
OG0002445		Spis4218.t1
OG0002446		Spis4219.t1
OG0002447		Spis4220
OG0002448		Spis4225
OG0002449		Spis4227
OG0002450		Spis4229
OG0002451		Spis4231
OG0002452		Spis4236
OG0002453		Spis4238
OG0002454		Spis4243
OG0002455		Spis4244
OG0002456		Spis4248
OG0002457		Spis4250
OG0002458		Spis4256
OG0002459		Spis4257
OG0002460		Spis4259
OG0002461		Spis4260
OG0002462		Spis4264
OG0002463		Spis4270.t1
OG0002464		Spis4271
OG0002465		Spis4274
OG0002466		Spis4275.t1
OG0002467		Spis4281
OG0002468		Spis4291
OG0002469		Spis4296
OG0002470		Spis4297
OG0002471		Spis4302
OG0002472		Spis4303
OG0002473		Spis4307
OG0002474		Spis4311
OG0002475		Spis4313
OG0002476		Spis4327
OG0002477		Spis4339
OG0002478		Spis4340
OG0002479		Spis4344
OG0002480		Spis4345.t1
OG0002481		Spis4357
OG0002482		Spis4358
OG0002483		Spis4362
OG0002484		Spis4365
OG0002485		Spis4368
OG0002486		Spis4372
OG0002487		Spis4376
OG0002488		Spis4377
OG0002489		Spis4378
OG0002490		Spis4380
OG0002491		Spis4381
OG0002492		Spis4382
OG0002493		Spis4384
OG0002494		Spis4385
OG0002495		Spis4386
OG0002496		Spis4387
OG0002497		Spis4388
OG0002498		Spis4390
OG0002499		Spis4391
OG0002500		Spis4402
OG0002501		Spis4404.t1
OG0002502		Spis4406
OG0002503		Spis4407
OG0002504		Spis4408
OG0002505		Spis4418
OG0002506		Spis4419
OG0002507		Spis4425
OG0002508		Spis4427
OG0002509		Spis4429
OG0002510		Spis4438
OG0002511		Spis4444
OG0002512		Spis4450
OG0002513		Spis4452
OG0002514		Spis4456
OG0002515		Spis4459
OG0002516		Spis4464
OG0002517		Spis4465
OG0002518		Spis4470
OG0002519		Spis4471
OG0002520		Spis4474
OG0002521		Spis4475
OG0002522		Spis4476
OG0002523		Spis4477
OG0002524		Spis4478
OG0002525		Spis4480
OG0002526		Spis4482
OG0002527		Spis4483
OG0002528		Spis4486
OG0002529		Spis4489
OG0002530		Spis4491
OG0002531		Spis4492
OG0002532		Spis4496
OG0002533		Spis4498
OG0002534		Spis4514
OG0002535		Spis4519
OG0002536		Spis4527
OG0002537		Spis4530
OG0002538		Spis4531
OG0002539		Spis4548
OG0002540		Spis4550
OG0002541		Spis4562
OG0002542		Spis4563
OG0002543		Spis4564
OG0002544		Spis4565
OG0002545		Spis4567
OG0002546		Spis4570
OG0002547		Spis4573
OG0002548		Spis4581
OG0002549		Spis4582.t2
OG0002550		Spis4583
OG0002551		Spis4584
OG0002552		Spis4585
OG0002553		Spis4586
OG0002554		Spis4587
OG0002555		Spis4588
OG0002556		Spis4589
OG0002557		Spis4597
OG0002558		Spis4610
OG0002559		Spis4614
OG0002560		Spis4621
OG0002561		Spis4623
OG0002562		Spis4624
OG0002563		Spis4626
OG0002564		Spis4627
OG0002565		Spis4632
OG0002566		Spis4640
OG0002567		Spis4641
OG0002568		Spis4642
OG0002569		Spis4647
OG0002570		Spis4649
OG0002571		Spis4657
OG0002572		Spis4661.t1
OG0002573		Spis4662.t1
OG0002574		Spis4664
OG0002575		Spis4669
OG0002576		Spis4671.t2
OG0002577		Spis4673
OG0002578		Spis4680
OG0002579		Spis4687
OG0002580		Spis4691
OG0002581		Spis4694
OG0002582		Spis4699
OG0002583		Spis4700
OG0002584		Spis4730
OG0002585		Spis4731
OG0002586		Spis4732
OG0002587		Spis4737
OG0002588		Spis4757
OG0002589		Spis4761
OG0002590		Spis4763
OG0002591		Spis4768
OG0002592		Spis4779
OG0002593		Spis4784
OG0002594		Spis4787
OG0002595		Spis4790
OG0002596		Spis4791
OG0002597		Spis4792
OG0002598		Spis4793
OG0002599		Spis4795
OG0002600		Spis4796
OG0002601		Spis4805
OG0002602		Spis4816
OG0002603		Spis4820
OG0002604		Spis4824
OG0002605		Spis4825
OG0002606		Spis4833.t2
OG0002607		Spis4834
OG0002608		Spis4847
OG0002609		Spis4854
OG0002610		Spis4855
OG0002611		Spis4856
OG0002612		Spis4858
OG0002613		Spis4859
OG0002614		Spis4864
OG0002615		Spis4876
OG0002616		Spis4877
OG0002617		Spis4878
OG0002618		Spis4879
OG0002619		Spis4880
OG0002620		Spis4885
OG0002621		Spis4894
OG0002622		Spis4901
OG0002623		Spis4905
OG0002624		Spis4906
OG0002625		Spis4907
OG0002626		Spis4915
OG0002627		Spis4921
OG0002628		Spis4927
OG0002629		Spis4928
OG0002630		Spis4942
OG0002631		Spis4943.t1
OG0002632		Spis4944
OG0002633		Spis4953
OG0002634		Spis4955
OG0002635		Spis4960
OG0002636		Spis4961
OG0002637		Spis4962
OG0002638		Spis4963.t1
OG0002639		Spis4966.t1
OG0002640		Spis4979
OG0002641		Spis4983
OG0002642		Spis4994
OG0002643		Spis4998
OG0002644		Spis5000
OG0002645		Spis5001
OG0002646		Spis5004
OG0002647		Spis5008
OG0002648		Spis5009
OG0002649		Spis5010
OG0002650		Spis5015.t2
OG0002651		Spis5019
OG0002652		Spis5021
OG0002653		Spis5022
OG0002654		Spis5035
OG0002655		Spis5038
OG0002656		Spis5045
OG0002657		Spis5047
OG0002658		Spis5048
OG0002659		Spis5049
OG0002660		Spis5056.t2
OG0002661		Spis5064
OG0002662		Spis5067
OG0002663		Spis5070
OG0002664		Spis5072
OG0002665		Spis5073
OG0002666		Spis5075
OG0002667		Spis5079
OG0002668		Spis5080
OG0002669		Spis5091
OG0002670		Spis5120
OG0002671		Spis5123
OG0002672		Spis5134
OG0002673		Spis5160
OG0002674		Spis5166
OG0002675		Spis5171.t1
OG0002676		Spis5174
OG0002677		Spis5177
OG0002678		Spis5179
OG0002679		Spis5208
OG0002680		Spis5210
OG0002681		Spis5211
OG0002682		Spis5215
OG0002683		Spis5218
OG0002684		Spis5226
OG0002685		Spis5227
OG0002686		Spis5230
OG0002687		Spis5232
OG0002688		Spis5240
OG0002689		Spis5244
OG0002690		Spis5260
OG0002691		Spis5262
OG0002692		Spis5269
OG0002693		Spis5280
OG0002694		Spis5282
OG0002695		Spis5299
OG0002696		Spis5301
OG0002697		Spis5304.t1
OG0002698		Spis5309
OG0002699		Spis5319
OG0002700		Spis5322
OG0002701		Spis5323
OG0002702		Spis5324
OG0002703		Spis5336
OG0002704		Spis5339
OG0002705		Spis5340
OG0002706		Spis5341
OG0002707		Spis5342
OG0002708		Spis5344
OG0002709		Spis5347.t1
OG0002710		Spis5348
OG0002711		Spis5352
OG0002712		Spis5358
OG0002713		Spis5360
OG0002714		Spis5364
OG0002715		Spis5365
OG0002716		Spis5367
OG0002717		Spis5370
OG0002718		Spis5371.t1
OG0002719		Spis5380
OG0002720		Spis5391
OG0002721		Spis5398
OG0002722		Spis5401
OG0002723		Spis5404
OG0002724		Spis5406
OG0002725		Spis5408
OG0002726		Spis5409
OG0002727		Spis5412
OG0002728		Spis5428
OG0002729		Spis5432
OG0002730		Spis5433.t1
OG0002731		Spis5437
OG0002732		Spis5441
OG0002733		Spis5442
OG0002734		Spis5462
OG0002735		Spis5463
OG0002736		Spis5479
OG0002737		Spis5481
OG0002738		Spis5487
OG0002739		Spis5489
OG0002740		Spis5494
OG0002741		Spis5496
OG0002742		Spis5501
OG0002743		Spis5504
OG0002744		Spis5526
OG0002745		Spis5530.t1
OG0002746		Spis5535
OG0002747		Spis5536
OG0002748		Spis5548
OG0002749		Spis5549
OG0002750		Spis5550
OG0002751		Spis5552
OG0002752		Spis5554
OG0002753		Spis5556
OG0002754		Spis5557
OG0002755		Spis5564
OG0002756		Spis5567
OG0002757		Spis5585
OG0002758		Spis5593
OG0002759		Spis5610
OG0002760		Spis5613
OG0002761		Spis5617
OG0002762		Spis5620.t1
OG0002763		Spis5625
OG0002764		Spis5626
OG0002765		Spis5627
OG0002766		Spis5633
OG0002767		Spis5638.t1
OG0002768		Spis5643
OG0002769		Spis5650
OG0002770		Spis5651.t2
OG0002771		Spis5653
OG0002772		Spis5654
OG0002773		Spis5675.t1
OG0002774		Spis5678
OG0002775		Spis5680
OG0002776		Spis5683
OG0002777		Spis5687
OG0002778		Spis5691
OG0002779		Spis5695
OG0002780		Spis5698
OG0002781		Spis5704
OG0002782		Spis5709
OG0002783		Spis5711
OG0002784		Spis5714
OG0002785		Spis5716
OG0002786		Spis5717
OG0002787		Spis5721
OG0002788		Spis5726
OG0002789		Spis5728
OG0002790		Spis5735
OG0002791		Spis5741
OG0002792		Spis5750
OG0002793		Spis5771
OG0002794		Spis5772
OG0002795		Spis5785.t1
OG0002796		Spis5797
OG0002797		Spis5799
OG0002798		Spis5806
OG0002799		Spis5807
OG0002800		Spis5808
OG0002801		Spis5809
OG0002802		Spis5810.t1
OG0002803		Spis5811
OG0002804		Spis5813
OG0002805		Spis5816
OG0002806		Spis5817
OG0002807		Spis5830
OG0002808		Spis5831
OG0002809		Spis5834
OG0002810		Spis5835
OG0002811		Spis5848.t1
OG0002812		Spis5849
OG0002813		Spis5850
OG0002814		Spis5861
OG0002815		Spis5862
OG0002816		Spis5867
OG0002817		Spis5872
OG0002818		Spis5884
OG0002819		Spis5902
OG0002820		Spis5911
OG0002821		Spis5913
OG0002822		Spis5922
OG0002823		Spis5951
OG0002824		Spis5952
OG0002825		Spis5965
OG0002826		Spis5967
OG0002827		Spis5969
OG0002828		Spis5973.t1
OG0002829		Spis5974.t1
OG0002830		Spis5975.t1
OG0002831		Spis6011
OG0002832		Spis6017
OG0002833		Spis6028
OG0002834		Spis6040.t1
OG0002835		Spis6041
OG0002836		Spis6043.t1
OG0002837		Spis6047
OG0002838		Spis6048
OG0002839		Spis6050
OG0002840		Spis6056.t1
OG0002841		Spis6061
OG0002842		Spis6063
OG0002843		Spis6076
OG0002844		Spis6087
OG0002845		Spis6095
OG0002846		Spis6097
OG0002847		Spis6107
OG0002848		Spis6117
OG0002849		Spis6127
OG0002850		Spis6141
OG0002851		Spis6142
OG0002852		Spis6145
OG0002853		Spis6147
OG0002854		Spis6148
OG0002855		Spis6166
OG0002856		Spis6167
OG0002857		Spis6177
OG0002858		Spis6180
OG0002859		Spis6181
OG0002860		Spis6191
OG0002861		Spis6192
OG0002862		Spis6193
OG0002863		Spis6201
OG0002864		Spis6202
OG0002865		Spis6205
OG0002866		Spis6206
OG0002867		Spis6207
OG0002868		Spis6215
OG0002869		Spis6219
OG0002870		Spis6223
OG0002871		Spis6224.t1
OG0002872		Spis6232
OG0002873		Spis6234
OG0002874		Spis6235
OG0002875		Spis6236
OG0002876		Spis6237
OG0002877		Spis6239
OG0002878		Spis6244
OG0002879		Spis6245
OG0002880		Spis6268
OG0002881		Spis6271
OG0002882		Spis6279
OG0002883		Spis6282
OG0002884		Spis6285
OG0002885		Spis6289
OG0002886		Spis6290
OG0002887		Spis6298
OG0002888		Spis6311
OG0002889		Spis6312
OG0002890		Spis6314
OG0002891		Spis6321
OG0002892		Spis6322
OG0002893		Spis6325
OG0002894		Spis6328.t1
OG0002895		Spis6329
OG0002896		Spis6341
OG0002897		Spis6347
OG0002898		Spis6348
OG0002899		Spis6349
OG0002900		Spis6350
OG0002901		Spis6351
OG0002902		Spis6354
OG0002903		Spis6369
OG0002904		Spis6371
OG0002905		Spis6379
OG0002906		Spis6380
OG0002907		Spis6381
OG0002908		Spis6383
OG0002909		Spis6385.t1
OG0002910		Spis6386.t1
OG0002911		Spis6388
OG0002912		Spis6389.t1
OG0002913		Spis6405
OG0002914		Spis6408
OG0002915		Spis6421
OG0002916		Spis6426
OG0002917		Spis6430
OG0002918		Spis6432.t2
OG0002919		Spis6434
OG0002920		Spis6435
OG0002921		Spis6437
OG0002922		Spis6439
OG0002923		Spis6440
OG0002924		Spis6445
OG0002925		Spis6450
OG0002926		Spis6451
OG0002927		Spis6457
OG0002928		Spis6482
OG0002929		Spis6499.t1
OG0002930		Spis6505
OG0002931		Spis6506
OG0002932		Spis6519
OG0002933		Spis6520
OG0002934		Spis6525
OG0002935		Spis6536
OG0002936		Spis6537
OG0002937		Spis6542
OG0002938		Spis6544
OG0002939		Spis6552
OG0002940		Spis6555.t1
OG0002941		Spis6556
OG0002942		Spis6560
OG0002943		Spis6561
OG0002944		Spis6562
OG0002945		Spis6568
OG0002946		Spis6571
OG0002947		Spis6572
OG0002948		Spis6594
OG0002949		Spis6598
OG0002950		Spis6602
OG0002951		Spis6609
OG0002952		Spis6614
OG0002953		Spis6616
OG0002954		Spis6624
OG0002955		Spis6626
OG0002956		Spis6632
OG0002957		Spis6636
OG0002958		Spis6637
OG0002959		Spis6640
OG0002960		Spis6641
OG0002961		Spis6646
OG0002962		Spis6652
OG0002963		Spis6663
OG0002964		Spis6691
OG0002965		Spis6692.t1
OG0002966		Spis6694
OG0002967		Spis6695
OG0002968		Spis6697
OG0002969		Spis6705
OG0002970		Spis6713
OG0002971		Spis6718
OG0002972		Spis6730
OG0002973		Spis6733
OG0002974		Spis6739
OG0002975		Spis6740
OG0002976		Spis6742
OG0002977		Spis6744
OG0002978		Spis6749
OG0002979		Spis6750
OG0002980		Spis6755
OG0002981		Spis6763
OG0002982		Spis6770
OG0002983		Spis6772
OG0002984		Spis6773.t1
OG0002985		Spis6778
OG0002986		Spis6784
OG0002987		Spis6787
OG0002988		Spis6788
OG0002989		Spis6792
OG0002990		Spis6793
OG0002991		Spis6800
OG0002992		Spis6802
OG0002993		Spis6803
OG0002994		Spis6806
OG0002995		Spis6809
OG0002996		Spis6814
OG0002997		Spis6822
OG0002998		Spis6830
OG0002999		Spis6831
OG0003000		Spis6838
OG0003001		Spis6840
OG0003002		Spis6841
OG0003003		Spis6842
OG0003004		Spis6844
OG0003005		Spis6845.t1
OG0003006		Spis6847
OG0003007		Spis6848
OG0003008		Spis6849.t1
OG0003009		Spis6852
OG0003010		Spis6856
OG0003011		Spis6857
OG0003012		Spis6869
OG0003013		Spis6872.t1
OG0003014		Spis6873
OG0003015		Spis6874
OG0003016		Spis6899
OG0003017		Spis6940
OG0003018		Spis6961
OG0003019		Spis6968
OG0003020		Spis6972
OG0003021		Spis6981
OG0003022		Spis6986
OG0003023		Spis6991
OG0003024		Spis6992
OG0003025		Spis6994
OG0003026		Spis6996
OG0003027		Spis7009
OG0003028		Spis7012
OG0003029		Spis7020
OG0003030		Spis7021
OG0003031		Spis7023
OG0003032		Spis7024
OG0003033		Spis7025
OG0003034		Spis7032
OG0003035		Spis7033
OG0003036		Spis7051
OG0003037		Spis7058
OG0003038		Spis7076
OG0003039		Spis7077
OG0003040		Spis7078
OG0003041		Spis7079
OG0003042		Spis7080
OG0003043		Spis7081
OG0003044		Spis7089.t1
OG0003045		Spis7091
OG0003046		Spis7103
OG0003047		Spis7105
OG0003048		Spis7107
OG0003049		Spis7125
OG0003050		Spis7126
OG0003051		Spis7130
OG0003052		Spis7131
OG0003053		Spis7136
OG0003054		Spis7139.t1
OG0003055		Spis7142
OG0003056		Spis7143.t1
OG0003057		Spis7145
OG0003058		Spis7151
OG0003059		Spis7154
OG0003060		Spis7155
OG0003061		Spis7157
OG0003062		Spis7159
OG0003063		Spis7160
OG0003064		Spis7162.t1
OG0003065		Spis7170.t1
OG0003066		Spis7174
OG0003067		Spis7178
OG0003068		Spis7181
OG0003069		Spis7186
OG0003070		Spis7193
OG0003071		Spis7195
OG0003072		Spis7197
OG0003073		Spis7198
OG0003074		Spis7202
OG0003075		Spis7211
OG0003076		Spis7213
OG0003077		Spis7214
OG0003078		Spis7216
OG0003079		Spis7217
OG0003080		Spis7220
OG0003081		Spis7221
OG0003082		Spis7222
OG0003083		Spis7225.t1
OG0003084		Spis7232.t1
OG0003085		Spis7234
OG0003086		Spis7240
OG0003087		Spis7242
OG0003088		Spis7245
OG0003089		Spis7253
OG0003090		Spis7254
OG0003091		Spis7255
OG0003092		Spis7259
OG0003093		Spis7260
OG0003094		Spis7265
OG0003095		Spis7266
OG0003096		Spis7276
OG0003097		Spis7296
OG0003098		Spis7309
OG0003099		Spis7311
OG0003100		Spis7312
OG0003101		Spis7318
OG0003102		Spis7320
OG0003103		Spis7328
OG0003104		Spis7329
OG0003105		Spis7337
OG0003106		Spis7339
OG0003107		Spis7341
OG0003108		Spis7343
OG0003109		Spis7350
OG0003110		Spis7361.t1
OG0003111		Spis7362
OG0003112		Spis7365
OG0003113		Spis7367
OG0003114		Spis7373
OG0003115		Spis7374
OG0003116		Spis7375
OG0003117		Spis7376
OG0003118		Spis7378
OG0003119		Spis7379
OG0003120		Spis7384
OG0003121		Spis7385
OG0003122		Spis7387
OG0003123		Spis7391
OG0003124		Spis7393
OG0003125		Spis7397
OG0003126		Spis7398
OG0003127		Spis7399
OG0003128		Spis7421
OG0003129		Spis7422
OG0003130		Spis7423
OG0003131		Spis7425
OG0003132		Spis7441
OG0003133		Spis7444
OG0003134		Spis7445
OG0003135		Spis7446
OG0003136		Spis7451
OG0003137		Spis7454
OG0003138		Spis7464
OG0003139		Spis7465
OG0003140		Spis7467
OG0003141		Spis7471
OG0003142		Spis7473
OG0003143		Spis7474
OG0003144		Spis7475
OG0003145		Spis7476
OG0003146		Spis7477
OG0003147		Spis7483
OG0003148		Spis7485
OG0003149		Spis7486
OG0003150		Spis7489
OG0003151		Spis7490
OG0003152		Spis7492
OG0003153		Spis7503
OG0003154		Spis7505
OG0003155		Spis7521
OG0003156		Spis7524
OG0003157		Spis7531
OG0003158		Spis7544
OG0003159		Spis7547
OG0003160		Spis7550
OG0003161		Spis7551.t1
OG0003162		Spis7552
OG0003163		Spis7553
OG0003164		Spis7555
OG0003165		Spis7585
OG0003166		Spis7613
OG0003167		Spis7614
OG0003168		Spis7615
OG0003169		Spis7616
OG0003170		Spis7619
OG0003171		Spis7622
OG0003172		Spis7625
OG0003173		Spis7627
OG0003174		Spis7630
OG0003175		Spis7631
OG0003176		Spis7633
OG0003177		Spis7635
OG0003178		Spis7641.t2
OG0003179		Spis7642
OG0003180		Spis7659
OG0003181		Spis7678
OG0003182		Spis7687
OG0003183		Spis7688
OG0003184		Spis7692
OG0003185		Spis7693
OG0003186		Spis7694
OG0003187		Spis7696
OG0003188		Spis7702
OG0003189		Spis7713
OG0003190		Spis7715.t1
OG0003191		Spis7717
OG0003192		Spis7720
OG0003193		Spis7723
OG0003194		Spis7724
OG0003195		Spis7728
OG0003196		Spis7729
OG0003197		Spis7734.t1
OG0003198		Spis7736
OG0003199		Spis7738
OG0003200		Spis7739
OG0003201		Spis7741
OG0003202		Spis7742
OG0003203		Spis7744
OG0003204		Spis7752
OG0003205		Spis7753
OG0003206		Spis7762
OG0003207		Spis7773
OG0003208		Spis7780
OG0003209		Spis7789
OG0003210		Spis7790
OG0003211		Spis7793
OG0003212		Spis7806
OG0003213		Spis7828
OG0003214		Spis7829
OG0003215		Spis7832
OG0003216		Spis7843
OG0003217		Spis7850
OG0003218		Spis7851
OG0003219		Spis7852
OG0003220		Spis7853
OG0003221		Spis7861
OG0003222		Spis7862.t2
OG0003223		Spis7863
OG0003224		Spis7867
OG0003225		Spis7868
OG0003226		Spis7872
OG0003227		Spis7895.t1
OG0003228		Spis7898.t1
OG0003229		Spis7899
OG0003230		Spis7902
OG0003231		Spis7903
OG0003232		Spis7904
OG0003233		Spis7915
OG0003234		Spis7916
OG0003235		Spis7943.t1
OG0003236		Spis7944.t1
OG0003237		Spis7946
OG0003238		Spis7948
OG0003239		Spis7949
OG0003240		Spis7950
OG0003241		Spis7951
OG0003242		Spis7953
OG0003243		Spis7955
OG0003244		Spis7956
OG0003245		Spis7957
OG0003246		Spis7961
OG0003247		Spis7963
OG0003248		Spis7975
OG0003249		Spis7977.t1
OG0003250		Spis8015
OG0003251		Spis8017
OG0003252		Spis8019
OG0003253		Spis8027
OG0003254		Spis8028
OG0003255		Spis8037
OG0003256		Spis8050
OG0003257		Spis8051
OG0003258		Spis8052.t1
OG0003259		Spis8054
OG0003260		Spis8058
OG0003261		Spis8062
OG0003262		Spis8066
OG0003263		Spis8071
OG0003264		Spis8086
OG0003265		Spis8092
OG0003266		Spis8095
OG0003267		Spis8100
OG0003268		Spis8102
OG0003269		Spis8111
OG0003270		Spis8115
OG0003271		Spis8117
OG0003272		Spis8119
OG0003273		Spis8120
OG0003274		Spis8126
OG0003275		Spis8130
OG0003276		Spis8131
OG0003277		Spis8132
OG0003278		Spis8133
OG0003279		Spis8134
OG0003280		Spis8135
OG0003281		Spis8137
OG0003282		Spis8139
OG0003283		Spis8140
OG0003284		Spis8148
OG0003285		Spis8149
OG0003286		Spis8151
OG0003287		Spis8152
OG0003288		Spis8153
OG0003289		Spis8157
OG0003290		Spis8175
OG0003291		Spis8176
OG0003292		Spis8179.t1
OG0003293		Spis8186
OG0003294		Spis8195
OG0003295		Spis8197
OG0003296		Spis8200
OG0003297		Spis8201
OG0003298		Spis8206
OG0003299		Spis8249
OG0003300		Spis8251
OG0003301		Spis8253
OG0003302		Spis8254
OG0003303		Spis8255
OG0003304		Spis8260
OG0003305		Spis8263
OG0003306		Spis8266
OG0003307		Spis8274
OG0003308		Spis8276
OG0003309		Spis8279
OG0003310		Spis8289
OG0003311		Spis8290.t1
OG0003312		Spis8292.t1
OG0003313		Spis8293
OG0003314		Spis8294
OG0003315		Spis8302
OG0003316		Spis8308
OG0003317		Spis8321
OG0003318		Spis8322
OG0003319		Spis8325
OG0003320		Spis8332.t1
OG0003321		Spis8337
OG0003322		Spis8352
OG0003323		Spis8368
OG0003324		Spis8377
OG0003325		Spis8379
OG0003326		Spis8381
OG0003327		Spis8382
OG0003328		Spis8383
OG0003329		Spis8389
OG0003330		Spis8390
OG0003331		Spis8391.t1
OG0003332		Spis8394
OG0003333		Spis8395.t1
OG0003334		Spis8396
OG0003335		Spis8404
OG0003336		Spis8407
OG0003337		Spis8409
OG0003338		Spis8417
OG0003339		Spis8418.t1
OG0003340		Spis8419
OG0003341		Spis8422
OG0003342		Spis8432
OG0003343		Spis8433
OG0003344		Spis8434
OG0003345		Spis8435
OG0003346		Spis8436
OG0003347		Spis8437
OG0003348		Spis8438
OG0003349		Spis8440
OG0003350		Spis8441.t1
OG0003351		Spis8442
OG0003352		Spis8443.t1
OG0003353		Spis8449
OG0003354		Spis8452
OG0003355		Spis8455
OG0003356		Spis8459.t1
OG0003357		Spis8460
OG0003358		Spis8461
OG0003359		Spis8464
OG0003360		Spis8478
OG0003361		Spis8479
OG0003362		Spis8482
OG0003363		Spis8483
OG0003364		Spis8495
OG0003365		Spis8496
OG0003366		Spis8498
OG0003367		Spis8503
OG0003368		Spis8505
OG0003369		Spis8508
OG0003370		Spis8514
OG0003371		Spis8515
OG0003372		Spis8518
OG0003373		Spis8519
OG0003374		Spis8522
OG0003375		Spis8523
OG0003376		Spis8533
OG0003377		Spis8536
OG0003378		Spis8538
OG0003379		Spis8543
OG0003380		Spis8553.t1
OG0003381		Spis8575
OG0003382		Spis8577
OG0003383		Spis8582
OG0003384		Spis8583
OG0003385		Spis8587
OG0003386		Spis8594
OG0003387		Spis8604
OG0003388		Spis8605.t1
OG0003389		Spis8607
OG0003390		Spis8616.t1
OG0003391		Spis8622
OG0003392		Spis8623
OG0003393		Spis8624.t1
OG0003394		Spis8626
OG0003395		Spis8627
OG0003396		Spis8628
OG0003397		Spis8632
OG0003398		Spis8636
OG0003399		Spis8641
OG0003400		Spis8642
OG0003401		Spis8660.t1
OG0003402		Spis8662
OG0003403		Spis8678
OG0003404		Spis8683
OG0003405		Spis8685
OG0003406		Spis8689
OG0003407		Spis8690
OG0003408		Spis8691
OG0003409		Spis8693
OG0003410		Spis8700.t1
OG0003411		Spis8702
OG0003412		Spis8703.t2
OG0003413		Spis8704
OG0003414		Spis8714
OG0003415		Spis8719
OG0003416		Spis8733
OG0003417		Spis8754
OG0003418		Spis8759
OG0003419		Spis8764
OG0003420		Spis8772
OG0003421		Spis8774
OG0003422		Spis8775
OG0003423		Spis8781
OG0003424		Spis8793
OG0003425		Spis8809
OG0003426		Spis8821
OG0003427		Spis8826
OG0003428		Spis8831
OG0003429		Spis8832
OG0003430		Spis8834
OG0003431		Spis8845
OG0003432		Spis8848
OG0003433		Spis8850
OG0003434		Spis8856
OG0003435		Spis8865
OG0003436		Spis8887
OG0003437		Spis8899
OG0003438		Spis8900
OG0003439		Spis8912
OG0003440		Spis8917
OG0003441		Spis8918
OG0003442		Spis8920
OG0003443		Spis8921
OG0003444		Spis8926
OG0003445		Spis8932
OG0003446		Spis8948
OG0003447		Spis8949
OG0003448		Spis8951
OG0003449		Spis8956
OG0003450		Spis8968
OG0003451		Spis8974
OG0003452		Spis8976
OG0003453		Spis8978
OG0003454		Spis8992
OG0003455		Spis9017.t1
OG0003456		Spis9018
OG0003457		Spis9019
OG0003458		Spis9020
OG0003459		Spis9021
OG0003460		Spis9022
OG0003461		Spis9023
OG0003462		Spis9024
OG0003463		Spis9025
OG0003464		Spis9029
OG0003465		Spis9030
OG0003466		Spis9031
OG0003467		Spis9033
OG0003468		Spis9034
OG0003469		Spis9036
OG0003470		Spis9051
OG0003471		Spis9066
OG0003472		Spis9068
OG0003473		Spis9069
OG0003474		Spis9070
OG0003475		Spis9071
OG0003476		Spis9073
OG0003477		Spis9083
OG0003478		Spis9084
OG0003479		Spis9087
OG0003480		Spis9097
OG0003481		Spis9098
OG0003482		Spis9099
OG0003483		Spis9100
OG0003484		Spis9101
OG0003485		Spis9115
OG0003486		Spis9116
OG0003487		Spis9117
OG0003488		Spis9121
OG0003489		Spis9123
OG0003490		Spis9126
OG0003491		Spis9135
OG0003492		Spis9136.t1
OG0003493		Spis9141
OG0003494		Spis9143
OG0003495		Spis9145
OG0003496		Spis9150.t1
OG0003497		Spis9151
OG0003498		Spis9153
OG0003499		Spis9155
OG0003500		Spis9162
OG0003501		Spis9163
OG0003502		Spis9167
OG0003503		Spis9168
OG0003504		Spis9169
OG0003505		Spis9170
OG0003506		Spis9178
OG0003507		Spis9180
OG0003508		Spis9182
OG0003509		Spis9183
OG0003510		Spis9188
OG0003511		Spis9190
OG0003512		Spis9196
OG0003513		Spis9199
OG0003514		Spis9203
OG0003515		Spis9204
OG0003516		Spis9206
OG0003517		Spis9210
OG0003518		Spis9212
OG0003519		Spis9218
OG0003520		Spis9228
OG0003521		Spis9244
OG0003522		Spis9247
OG0003523		Spis9248
OG0003524		Spis9249
OG0003525		Spis9252
OG0003526		Spis9256
OG0003527		Spis9268.t1
OG0003528		Spis9269
OG0003529		Spis9270
OG0003530		Spis9272
OG0003531		Spis9276
OG0003532		Spis9277
OG0003533		Spis9280
OG0003534		Spis9285.t1
OG0003535		Spis9291
OG0003536		Spis9305
OG0003537		Spis9306
OG0003538		Spis9310
OG0003539		Spis9312
OG0003540		Spis9320
OG0003541		Spis9322
OG0003542		Spis9324
OG0003543		Spis9329
OG0003544		Spis9330
OG0003545		Spis9331
OG0003546		Spis9343
OG0003547		Spis9344
OG0003548		Spis9346
OG0003549		Spis9350
OG0003550		Spis9351
OG0003551		Spis9362
OG0003552		Spis9369
OG0003553		Spis9389
OG0003554		Spis9390.t1
OG0003555		Spis9392
OG0003556		Spis9395
OG0003557		Spis9396
OG0003558		Spis9404.t1
OG0003559		Spis9412
OG0003560		Spis9413
OG0003561		Spis9422
OG0003562		Spis9429.t1
OG0003563		Spis9430.t1
OG0003564		Spis9431
OG0003565		Spis9432.t1
OG0003566		Spis9433
OG0003567		Spis9446
OG0003568		Spis9447
OG0003569		Spis9448
OG0003570		Spis9449
OG0003571		Spis9450
OG0003572		Spis9451
OG0003573		Spis9452
OG0003574		Spis9455
OG0003575		Spis9476
OG0003576		Spis9477
OG0003577		Spis9478.t1
OG0003578		Spis9479
OG0003579		Spis9482
OG0003580		Spis9499
OG0003581		Spis9501
OG0003582		Spis9503
OG0003583		Spis9504
OG0003584		Spis9508
OG0003585		Spis9524
OG0003586		Spis9528
OG0003587		Spis9534
OG0003588		Spis9535
OG0003589		Spis9538
OG0003590		Spis9539
OG0003591		Spis9549
OG0003592		Spis9550.t1
OG0003593		Spis9551
OG0003594		Spis9555
OG0003595		Spis9579
OG0003596		Spis9580
OG0003597		Spis9583
OG0003598		Spis9587.t1
OG0003599		Spis9590
OG0003600		Spis9592
OG0003601		Spis9594
OG0003602		Spis9597.t1
OG0003603		Spis9599
OG0003604		Spis9610
OG0003605		Spis9616
OG0003606		Spis9623
OG0003607		Spis9631
OG0003608		Spis9637.t1
OG0003609		Spis9638
OG0003610		Spis9639
OG0003611		Spis9644
OG0003612		Spis9651
OG0003613		Spis9654
OG0003614		Spis9656
OG0003615		Spis9665
OG0003616		Spis9669
OG0003617		Spis9670
OG0003618		Spis9673
OG0003619		Spis9677
OG0003620		Spis9684
OG0003621		Spis9687
OG0003622		Spis9693
OG0003623		Spis9694
OG0003624		Spis9704
OG0003625		Spis9707
OG0003626		Spis9708
OG0003627		Spis9714
OG0003628		Spis9716
OG0003629		Spis9718
OG0003630		Spis9719
OG0003631		Spis9720.t1
OG0003632		Spis9721
OG0003633		Spis9722
OG0003634		Spis9728
OG0003635		Spis9730
OG0003636		Spis9734
OG0003637		Spis9737
OG0003638		Spis9738
OG0003639		Spis9741
OG0003640		Spis9749
OG0003641		Spis9750
OG0003642		Spis9752
OG0003643		Spis9758
OG0003644		Spis9765
OG0003645		Spis9766
OG0003646		Spis9768
OG0003647		Spis9769
OG0003648		Spis9780
OG0003649		Spis9781
OG0003650		Spis9784
OG0003651		Spis9785
OG0003652		Spis9789
OG0003653		Spis9792
OG0003654		Spis9801
OG0003655		Spis9809
OG0003656		Spis9810
OG0003657		Spis9814
OG0003658		Spis9816
OG0003659		Spis9827
OG0003660		Spis9828
OG0003661		Spis9835
OG0003662		Spis9836
OG0003663		Spis9837
OG0003664		Spis9840
OG0003665		Spis9845
OG0003666		Spis9848
OG0003667		Spis9854
OG0003668		Spis9855
OG0003669		Spis9861.t1
OG0003670		Spis9862
OG0003671		Spis9863
OG0003672		Spis9865
OG0003673		Spis9887
OG0003674		Spis9894
OG0003675		Spis9910
OG0003676		Spis9913
OG0003677		Spis9915
OG0003678		Spis9916
OG0003679		Spis9919
OG0003680		Spis9922.t2
OG0003681		Spis9923
OG0003682		Spis9924
OG0003683		Spis9927
OG0003684		Spis9929
OG0003685		Spis9930
OG0003686		Spis9934
OG0003687		Spis9935
OG0003688		Spis9937
OG0003689		Spis9938
OG0003690		Spis9942
OG0003691		Spis9943
OG0003692		Spis9945
OG0003693		Spis9946
OG0003694		Spis9947
OG0003695		Spis9948
OG0003696		Spis9949
OG0003697		Spis9954
OG0003698		Spis9957
OG0003699		Spis9959
OG0003700		Spis9962
OG0003701		Spis9965
OG0003702		Spis9967
OG0003703		Spis9970
OG0003704		Spis9976
OG0003705		Spis9992
OG0003706		Spis10039
OG0003707		Spis10042.t1
OG0003708		Spis10043
OG0003709		Spis10044
OG0003710		Spis10049
OG0003711		Spis10057
OG0003712		Spis10058
OG0003713		Spis10064
OG0003714		Spis10079
OG0003715		Spis10095.t1
OG0003716		Spis10096.t1
OG0003717		Spis10104
OG0003718		Spis10105
OG0003719		Spis10109
OG0003720		Spis10110
OG0003721		Spis10121
OG0003722		Spis10133
OG0003723		Spis10134
OG0003724		Spis10153
OG0003725		Spis10155
OG0003726		Spis10160.t1
OG0003727		Spis10174
OG0003728		Spis10176
OG0003729		Spis10184
OG0003730		Spis10189
OG0003731		Spis10201
OG0003732		Spis10215
OG0003733		Spis10230
OG0003734		Spis10231
OG0003735		Spis10248
OG0003736		Spis10253
OG0003737		Spis10254
OG0003738		Spis10257
OG0003739		Spis10259
OG0003740		Spis10269
OG0003741		Spis10279.t1
OG0003742		Spis10281
OG0003743		Spis10284
OG0003744		Spis10289
OG0003745		Spis10332.t1
OG0003746		Spis10334
OG0003747		Spis10339
OG0003748		Spis10340.t1
OG0003749		Spis10344
OG0003750		Spis10353
OG0003751		Spis10355
OG0003752		Spis10356
OG0003753		Spis10367
OG0003754		Spis10373
OG0003755		Spis10376
OG0003756		Spis10378
OG0003757		Spis10408
OG0003758		Spis10434
OG0003759		Spis10441
OG0003760		Spis10443
OG0003761		Spis10446
OG0003762		Spis10469
OG0003763		Spis10474
OG0003764		Spis10475
OG0003765		Spis10477
OG0003766		Spis10481
OG0003767		Spis10482
OG0003768		Spis10483
OG0003769		Spis10497
OG0003770		Spis10498.t1
OG0003771		Spis10502.t1
OG0003772		Spis10506
OG0003773		Spis10507.t2
OG0003774		Spis10508
OG0003775		Spis10509
OG0003776		Spis10513
OG0003777		Spis10514
OG0003778		Spis10515
OG0003779		Spis10535
OG0003780		Spis10537
OG0003781		Spis10542
OG0003782		Spis10556
OG0003783		Spis10571
OG0003784		Spis10583
OG0003785		Spis10595
OG0003786		Spis10600
OG0003787		Spis10605
OG0003788		Spis10608
OG0003789		Spis10610
OG0003790		Spis10614
OG0003791		Spis10649
OG0003792		Spis10653
OG0003793		Spis10656
OG0003794		Spis10659
OG0003795		Spis10666
OG0003796		Spis10670
OG0003797		Spis10672
OG0003798		Spis10675
OG0003799		Spis10680
OG0003800		Spis10683
OG0003801		Spis10685
OG0003802		Spis10687
OG0003803		Spis10693
OG0003804		Spis10699
OG0003805		Spis10700
OG0003806		Spis10702
OG0003807		Spis10703
OG0003808		Spis10704
OG0003809		Spis10708
OG0003810		Spis10710
OG0003811		Spis10713
OG0003812		Spis10715.t1
OG0003813		Spis10716
OG0003814		Spis10723
OG0003815		Spis10727
OG0003816		Spis10743
OG0003817		Spis10749
OG0003818		Spis10756
OG0003819		Spis10757
OG0003820		Spis10758
OG0003821		Spis10760
OG0003822		Spis10764
OG0003823		Spis10767
OG0003824		Spis10770.t1
OG0003825		Spis10776
OG0003826		Spis10777
OG0003827		Spis10790
OG0003828		Spis10813
OG0003829		Spis10815
OG0003830		Spis10822
OG0003831		Spis10833
OG0003832		Spis10834
OG0003833		Spis10838
OG0003834		Spis10843
OG0003835		Spis10845
OG0003836		Spis10846
OG0003837		Spis10856
OG0003838		Spis10858
OG0003839		Spis10867
OG0003840		Spis10869
OG0003841		Spis10880
OG0003842		Spis10892
OG0003843		Spis10898
OG0003844		Spis10905
OG0003845		Spis10909
OG0003846		Spis10911
OG0003847		Spis10929.t3
OG0003848		Spis10934
OG0003849		Spis10941
OG0003850		Spis10942
OG0003851		Spis10944
OG0003852		Spis10945
OG0003853		Spis10946
OG0003854		Spis10948
OG0003855		Spis10954
OG0003856		Spis10958
OG0003857		Spis10986
OG0003858		Spis10995
OG0003859		Spis11000
OG0003860		Spis11006
OG0003861		Spis11007
OG0003862		Spis11008
OG0003863		Spis11013
OG0003864		Spis11014
OG0003865		Spis11015
OG0003866		Spis11016
OG0003867		Spis11018
OG0003868		Spis11022
OG0003869		Spis11027
OG0003870		Spis11028
OG0003871		Spis11055
OG0003872		Spis11060
OG0003873		Spis11061
OG0003874		Spis11062
OG0003875		Spis11065
OG0003876		Spis11069
OG0003877		Spis11070
OG0003878		Spis11073
OG0003879		Spis11074
OG0003880		Spis11096
OG0003881		Spis11102
OG0003882		Spis11103.t1
OG0003883		Spis11110
OG0003884		Spis11115
OG0003885		Spis11123
OG0003886		Spis11127
OG0003887		Spis11132
OG0003888		Spis11133
OG0003889		Spis11134
OG0003890		Spis11137
OG0003891		Spis11138
OG0003892		Spis11145
OG0003893		Spis11148
OG0003894		Spis11150
OG0003895		Spis11151
OG0003896		Spis11153
OG0003897		Spis11162
OG0003898		Spis11165
OG0003899		Spis11176
OG0003900		Spis11199
OG0003901		Spis11200
OG0003902		Spis11203
OG0003903		Spis11206
OG0003904		Spis11213
OG0003905		Spis11214
OG0003906		Spis11223
OG0003907		Spis11249
OG0003908		Spis11250
OG0003909		Spis11254
OG0003910		Spis11257.t2
OG0003911		Spis11258
OG0003912		Spis11266
OG0003913		Spis11267
OG0003914		Spis11268
OG0003915		Spis11269.t1
OG0003916		Spis11271
OG0003917		Spis11274
OG0003918		Spis11284
OG0003919		Spis11288
OG0003920		Spis11307
OG0003921		Spis11310
OG0003922		Spis11311
OG0003923		Spis11312
OG0003924		Spis11315
OG0003925		Spis11320
OG0003926		Spis11326
OG0003927		Spis11328
OG0003928		Spis11329
OG0003929		Spis11331
OG0003930		Spis11337
OG0003931		Spis11345
OG0003932		Spis11347
OG0003933		Spis11359
OG0003934		Spis11362
OG0003935		Spis11364
OG0003936		Spis11385
OG0003937		Spis11386
OG0003938		Spis11422.t1
OG0003939		Spis11423
OG0003940		Spis11428
OG0003941		Spis11430
OG0003942		Spis11437
OG0003943		Spis11438
OG0003944		Spis11443
OG0003945		Spis11464.t1
OG0003946		Spis11465
OG0003947		Spis11466
OG0003948		Spis11467
OG0003949		Spis11468
OG0003950		Spis11469
OG0003951		Spis11472
OG0003952		Spis11476
OG0003953		Spis11477
OG0003954		Spis11483
OG0003955		Spis11485
OG0003956		Spis11486
OG0003957		Spis11490
OG0003958		Spis11491
OG0003959		Spis11493
OG0003960		Spis11495
OG0003961		Spis11498
OG0003962		Spis11502
OG0003963		Spis11503
OG0003964		Spis11512
OG0003965		Spis11524
OG0003966		Spis11525
OG0003967		Spis11527
OG0003968		Spis11533
OG0003969		Spis11536
OG0003970		Spis11537
OG0003971		Spis11538
OG0003972		Spis11539
OG0003973		Spis11542
OG0003974		Spis11545
OG0003975		Spis11546
OG0003976		Spis11555
OG0003977		Spis11564
OG0003978		Spis11566
OG0003979		Spis11569
OG0003980		Spis11575
OG0003981		Spis11581
OG0003982		Spis11587
OG0003983		Spis11588.t1
OG0003984		Spis11589
OG0003985		Spis11604
OG0003986		Spis11607
OG0003987		Spis11609
OG0003988		Spis11623
OG0003989		Spis11624
OG0003990		Spis11628
OG0003991		Spis11630.t2
OG0003992		Spis11632
OG0003993		Spis11638
OG0003994		Spis11640
OG0003995		Spis11652
OG0003996		Spis11663
OG0003997		Spis11669
OG0003998		Spis11672
OG0003999		Spis11675
OG0004000		Spis11678
OG0004001		Spis11721
OG0004002		Spis11737
OG0004003		Spis11740.t1
OG0004004		Spis11742
OG0004005		Spis11743
OG0004006		Spis11756
OG0004007		Spis11757
OG0004008		Spis11770
OG0004009		Spis11772
OG0004010		Spis11773
OG0004011		Spis11784
OG0004012		Spis11789
OG0004013		Spis11799
OG0004014		Spis11800
OG0004015		Spis11801
OG0004016		Spis11820
OG0004017		Spis11830
OG0004018		Spis11854
OG0004019		Spis11855
OG0004020		Spis11865
OG0004021		Spis11866
OG0004022		Spis11875
OG0004023		Spis11877
OG0004024		Spis11881
OG0004025		Spis11887.t1
OG0004026		Spis11891
OG0004027		Spis11895
OG0004028		Spis11900
OG0004029		Spis11904
OG0004030		Spis11908
OG0004031		Spis11910
OG0004032		Spis11911
OG0004033		Spis11922
OG0004034		Spis11924
OG0004035		Spis11938
OG0004036		Spis11939
OG0004037		Spis11959
OG0004038		Spis11964
OG0004039		Spis11969.t1
OG0004040		Spis11975
OG0004041		Spis11994
OG0004042		Spis11999
OG0004043		Spis12006
OG0004044		Spis12011
OG0004045		Spis12023
OG0004046		Spis12024
OG0004047		Spis12027
OG0004048		Spis12028
OG0004049		Spis12031.t1
OG0004050		Spis12033
OG0004051		Spis12039
OG0004052		Spis12040
OG0004053		Spis12041
OG0004054		Spis12062
OG0004055		Spis12065
OG0004056		Spis12071
OG0004057		Spis12073
OG0004058		Spis12074
OG0004059		Spis12075
OG0004060		Spis12077
OG0004061		Spis12082
OG0004062		Spis12083
OG0004063		Spis12084
OG0004064		Spis12086.t1
OG0004065		Spis12089
OG0004066		Spis12091
OG0004067		Spis12092
OG0004068		Spis12094
OG0004069		Spis12095
OG0004070		Spis12106
OG0004071		Spis12107
OG0004072		Spis12108
OG0004073		Spis12111
OG0004074		Spis12114
OG0004075		Spis12115
OG0004076		Spis12117
OG0004077		Spis12119
OG0004078		Spis12121
OG0004079		Spis12143
OG0004080		Spis12144
OG0004081		Spis12145
OG0004082		Spis12147
OG0004083		Spis12149
OG0004084		Spis12180
OG0004085		Spis12185
OG0004086		Spis12188
OG0004087		Spis12205
OG0004088		Spis12209
OG0004089		Spis12211
OG0004090		Spis12212
OG0004091		Spis12225.t1
OG0004092		Spis12230
OG0004093		Spis12233
OG0004094		Spis12234
OG0004095		Spis12235
OG0004096		Spis12237
OG0004097		Spis12238
OG0004098		Spis12239
OG0004099		Spis12241
OG0004100		Spis12267
OG0004101		Spis12274.t1
OG0004102		Spis12277
OG0004103		Spis12286
OG0004104		Spis12290
OG0004105		Spis12294
OG0004106		Spis12304
OG0004107		Spis12309
OG0004108		Spis12310
OG0004109		Spis12319
OG0004110		Spis12320
OG0004111		Spis12321
OG0004112		Spis12322
OG0004113		Spis12323
OG0004114		Spis12330
OG0004115		Spis12331
OG0004116		Spis12334
OG0004117		Spis12335.t1
OG0004118		Spis12378
OG0004119		Spis12379
OG0004120		Spis12380
OG0004121		Spis12381
OG0004122		Spis12404
OG0004123		Spis12409.t1
OG0004124		Spis12410
OG0004125		Spis12414
OG0004126		Spis12424
OG0004127		Spis12426
OG0004128		Spis12427
OG0004129		Spis12430
OG0004130		Spis12432
OG0004131		Spis12441
OG0004132		Spis12442
OG0004133		Spis12445
OG0004134		Spis12450.t1
OG0004135		Spis12455
OG0004136		Spis12458
OG0004137		Spis12470
OG0004138		Spis12479.t3
OG0004139		Spis12484
OG0004140		Spis12504
OG0004141		Spis12505
OG0004142		Spis12508
OG0004143		Spis12514
OG0004144		Spis12519
OG0004145		Spis12525
OG0004146		Spis12527.t1
OG0004147		Spis12535
OG0004148		Spis12554
OG0004149		Spis12556
OG0004150		Spis12557
OG0004151		Spis12558
OG0004152		Spis12565
OG0004153		Spis12567
OG0004154		Spis12580
OG0004155		Spis12585
OG0004156		Spis12586
OG0004157		Spis12601
OG0004158		Spis12624
OG0004159		Spis12626
OG0004160		Spis12633
OG0004161		Spis12634
OG0004162		Spis12666
OG0004163		Spis12672
OG0004164		Spis12673
OG0004165		Spis12677
OG0004166		Spis12678
OG0004167		Spis12702
OG0004168		Spis12717
OG0004169		Spis12718
OG0004170		Spis12721
OG0004171		Spis12722
OG0004172		Spis12724
OG0004173		Spis12725
OG0004174		Spis12745
OG0004175		Spis12746
OG0004176		Spis12753
OG0004177		Spis12764
OG0004178		Spis12765
OG0004179		Spis12767
OG0004180		Spis12771
OG0004181		Spis12779
OG0004182		Spis12797
OG0004183		Spis12799
OG0004184		Spis12800
OG0004185		Spis12803
OG0004186		Spis12810
OG0004187		Spis12811
OG0004188		Spis12812
OG0004189		Spis12813
OG0004190		Spis12818.t1
OG0004191		Spis12821
OG0004192		Spis12827
OG0004193		Spis12833
OG0004194		Spis12836
OG0004195		Spis12837
OG0004196		Spis12846.t1
OG0004197		Spis12847
OG0004198		Spis12852
OG0004199		Spis12853
OG0004200		Spis12855
OG0004201		Spis12858
OG0004202		Spis12859
OG0004203		Spis12860
OG0004204		Spis12861.t1
OG0004205		Spis12865
OG0004206		Spis12869
OG0004207		Spis12870
OG0004208		Spis12871.t1
OG0004209		Spis12877
OG0004210		Spis12880.t1
OG0004211		Spis12889
OG0004212		Spis12891
OG0004213		Spis12899
OG0004214		Spis12905
OG0004215		Spis12906
OG0004216		Spis12917
OG0004217		Spis12918
OG0004218		Spis12946
OG0004219		Spis12949
OG0004220		Spis12954
OG0004221		Spis12958
OG0004222		Spis12965
OG0004223		Spis12967
OG0004224		Spis12989
OG0004225		Spis13006
OG0004226		Spis13016
OG0004227		Spis13020
OG0004228		Spis13033
OG0004229		Spis13044
OG0004230		Spis13046
OG0004231		Spis13054
OG0004232		Spis13055
OG0004233		Spis13056
OG0004234		Spis13058
OG0004235		Spis13114
OG0004236		Spis13115.t1
OG0004237		Spis13116
OG0004238		Spis13117
OG0004239		Spis13118
OG0004240		Spis13121
OG0004241		Spis13123
OG0004242		Spis13130
OG0004243		Spis13131
OG0004244		Spis13132
OG0004245		Spis13134
OG0004246		Spis13135
OG0004247		Spis13140
OG0004248		Spis13146
OG0004249		Spis13148
OG0004250		Spis13150
OG0004251		Spis13155
OG0004252		Spis13157
OG0004253		Spis13159
OG0004254		Spis13160
OG0004255		Spis13161
OG0004256		Spis13162
OG0004257		Spis13163
OG0004258		Spis13164
OG0004259		Spis13165
OG0004260		Spis13169.t1
OG0004261		Spis13171
OG0004262		Spis13174
OG0004263		Spis13180
OG0004264		Spis13182
OG0004265		Spis13190
OG0004266		Spis13191
OG0004267		Spis13192
OG0004268		Spis13197
OG0004269		Spis13200
OG0004270		Spis13201
OG0004271		Spis13202
OG0004272		Spis13203
OG0004273		Spis13205
OG0004274		Spis13250
OG0004275		Spis13251
OG0004276		Spis13252
OG0004277		Spis13253
OG0004278		Spis13264
OG0004279		Spis13270
OG0004280		Spis13277
OG0004281		Spis13279
OG0004282		Spis13290
OG0004283		Spis13303
OG0004284		Spis13305
OG0004285		Spis13314
OG0004286		Spis13315
OG0004287		Spis13332
OG0004288		Spis13338
OG0004289		Spis13339
OG0004290		Spis13340
OG0004291		Spis13342.t2
OG0004292		Spis13343
OG0004293		Spis13346
OG0004294		Spis13352
OG0004295		Spis13366
OG0004296		Spis13369.t1
OG0004297		Spis13371
OG0004298		Spis13382
OG0004299		Spis13387
OG0004300		Spis13389.t1
OG0004301		Spis13390
OG0004302		Spis13399
OG0004303		Spis13400
OG0004304		Spis13402
OG0004305		Spis13403
OG0004306		Spis13453
OG0004307		Spis13468.t1
OG0004308		Spis13489
OG0004309		Spis13490
OG0004310		Spis13495
OG0004311		Spis13496
OG0004312		Spis13500
OG0004313		Spis13501
OG0004314		Spis13502
OG0004315		Spis13503
OG0004316		Spis13504
OG0004317		Spis13511
OG0004318		Spis13532
OG0004319		Spis13555
OG0004320		Spis13561
OG0004321		Spis13562
OG0004322		Spis13563
OG0004323		Spis13565
OG0004324		Spis13570
OG0004325		Spis13572
OG0004326		Spis13576
OG0004327		Spis13602
OG0004328		Spis13604
OG0004329		Spis13605
OG0004330		Spis13607
OG0004331		Spis13609
OG0004332		Spis13610
OG0004333		Spis13612
OG0004334		Spis13618
OG0004335		Spis13619
OG0004336		Spis13632
OG0004337		Spis13635
OG0004338		Spis13643
OG0004339		Spis13652
OG0004340		Spis13666
OG0004341		Spis13669
OG0004342		Spis13677
OG0004343		Spis13678
OG0004344		Spis13683
OG0004345		Spis13694
OG0004346		Spis13696
OG0004347		Spis13697
OG0004348		Spis13700
OG0004349		Spis13717
OG0004350		Spis13721
OG0004351		Spis13722
OG0004352		Spis13723
OG0004353		Spis13725
OG0004354		Spis13731
OG0004355		Spis13756
OG0004356		Spis13759
OG0004357		Spis13762
OG0004358		Spis13783
OG0004359		Spis13784
OG0004360		Spis13797
OG0004361		Spis13801
OG0004362		Spis13803
OG0004363		Spis13806
OG0004364		Spis13807
OG0004365		Spis13810
OG0004366		Spis13823
OG0004367		Spis13827.t1
OG0004368		Spis13844
OG0004369		Spis13845
OG0004370		Spis13847
OG0004371		Spis13850
OG0004372		Spis13851
OG0004373		Spis13852
OG0004374		Spis13857
OG0004375		Spis13869
OG0004376		Spis13875
OG0004377		Spis13880.t2
OG0004378		Spis13887
OG0004379		Spis13888
OG0004380		Spis13896.t1
OG0004381		Spis13914
OG0004382		Spis13921
OG0004383		Spis13933
OG0004384		Spis13943
OG0004385		Spis13944
OG0004386		Spis13946
OG0004387		Spis13960
OG0004388		Spis13964
OG0004389		Spis13967
OG0004390		Spis13969
OG0004391		Spis13971
OG0004392		Spis13973
OG0004393		Spis13983.t1
OG0004394		Spis13990
OG0004395		Spis14009
OG0004396		Spis14012.t1
OG0004397		Spis14020
OG0004398		Spis14021
OG0004399		Spis14031
OG0004400		Spis14032
OG0004401		Spis14037
OG0004402		Spis14040
OG0004403		Spis14042
OG0004404		Spis14047
OG0004405		Spis14050
OG0004406		Spis14054
OG0004407		Spis14055
OG0004408		Spis14056
OG0004409		Spis14062
OG0004410		Spis14063
OG0004411		Spis14067
OG0004412		Spis14068
OG0004413		Spis14078
OG0004414		Spis14088
OG0004415		Spis14089
OG0004416		Spis14097
OG0004417		Spis14099
OG0004418		Spis14101
OG0004419		Spis14102
OG0004420		Spis14106
OG0004421		Spis14111
OG0004422		Spis14116
OG0004423		Spis14119
OG0004424		Spis14122
OG0004425		Spis14137
OG0004426		Spis14138
OG0004427		Spis14139
OG0004428		Spis14157
OG0004429		Spis14158
OG0004430		Spis14169
OG0004431		Spis14171
OG0004432		Spis14172
OG0004433		Spis14175
OG0004434		Spis14187
OG0004435		Spis14208
OG0004436		Spis14209
OG0004437		Spis14211.t1
OG0004438		Spis14212
OG0004439		Spis14217
OG0004440		Spis14218
OG0004441		Spis14243
OG0004442		Spis14245
OG0004443		Spis14247
OG0004444		Spis14256
OG0004445		Spis14257
OG0004446		Spis14264
OG0004447		Spis14266
OG0004448		Spis14280
OG0004449		Spis14293
OG0004450		Spis14321
OG0004451		Spis14322
OG0004452		Spis14323
OG0004453		Spis14324
OG0004454		Spis14325
OG0004455		Spis14337
OG0004456		Spis14338.t1
OG0004457		Spis14340
OG0004458		Spis14342
OG0004459		Spis14343
OG0004460		Spis14351
OG0004461		Spis14353.t1
OG0004462		Spis14357
OG0004463		Spis14359
OG0004464		Spis14363
OG0004465		Spis14364
OG0004466		Spis14373
OG0004467		Spis14375
OG0004468		Spis14379
OG0004469		Spis14380.t1
OG0004470		Spis14386
OG0004471		Spis14389
OG0004472		Spis14390
OG0004473		Spis14399
OG0004474		Spis14400
OG0004475		Spis14402
OG0004476		Spis14403
OG0004477		Spis14406
OG0004478		Spis14412
OG0004479		Spis14419
OG0004480		Spis14459
OG0004481		Spis14460
OG0004482		Spis14463
OG0004483		Spis14464.t1
OG0004484		Spis14465
OG0004485		Spis14466
OG0004486		Spis14469
OG0004487		Spis14470
OG0004488		Spis14472
OG0004489		Spis14479
OG0004490		Spis14504
OG0004491		Spis14505
OG0004492		Spis14506
OG0004493		Spis14508
OG0004494		Spis14509
OG0004495		Spis14510
OG0004496		Spis14511
OG0004497		Spis14541
OG0004498		Spis14543
OG0004499		Spis14549
OG0004500		Spis14552
OG0004501		Spis14573
OG0004502		Spis14575
OG0004503		Spis14577
OG0004504		Spis14605
OG0004505		Spis14606
OG0004506		Spis14610
OG0004507		Spis14612
OG0004508		Spis14613
OG0004509		Spis14618
OG0004510		Spis14619
OG0004511		Spis14620
OG0004512		Spis14621
OG0004513		Spis14639
OG0004514		Spis14647
OG0004515		Spis14648.t1
OG0004516		Spis14654
OG0004517		Spis14658
OG0004518		Spis14667
OG0004519		Spis14671
OG0004520		Spis14672
OG0004521		Spis14673
OG0004522		Spis14675
OG0004523		Spis14678
OG0004524		Spis14680.t1
OG0004525		Spis14685
OG0004526		Spis14687
OG0004527		Spis14701
OG0004528		Spis14706
OG0004529		Spis14721
OG0004530		Spis14722
OG0004531		Spis14723
OG0004532		Spis14726
OG0004533		Spis14727
OG0004534		Spis14733.t1
OG0004535		Spis14735
OG0004536		Spis14736
OG0004537		Spis14738
OG0004538		Spis14740
OG0004539		Spis14749
OG0004540		Spis14750
OG0004541		Spis14777
OG0004542		Spis14793
OG0004543		Spis14808
OG0004544		Spis14814
OG0004545		Spis14828
OG0004546		Spis14830
OG0004547		Spis14847
OG0004548		Spis14863
OG0004549		Spis14877
OG0004550		Spis14878
OG0004551		Spis14880
OG0004552		Spis14889
OG0004553		Spis14891
OG0004554		Spis14892
OG0004555		Spis14895
OG0004556		Spis14899
OG0004557		Spis14900
OG0004558		Spis14910
OG0004559		Spis14928
OG0004560		Spis14933
OG0004561		Spis14943
OG0004562		Spis14944
OG0004563		Spis14960
OG0004564		Spis14962
OG0004565		Spis14974
OG0004566		Spis14975.t1
OG0004567		Spis14977
OG0004568		Spis14989
OG0004569		Spis14996
OG0004570		Spis15017
OG0004571		Spis15018
OG0004572		Spis15019
OG0004573		Spis15026
OG0004574		Spis15027
OG0004575		Spis15028
OG0004576		Spis15029
OG0004577		Spis15038
OG0004578		Spis15039
OG0004579		Spis15040
OG0004580		Spis15042
OG0004581		Spis15044
OG0004582		Spis15046.t2
OG0004583		Spis15047
OG0004584		Spis15052.t1
OG0004585		Spis15053
OG0004586		Spis15055
OG0004587		Spis15061
OG0004588		Spis15071
OG0004589		Spis15074
OG0004590		Spis15078.t1
OG0004591		Spis15085
OG0004592		Spis15099.t1
OG0004593		Spis15101
OG0004594		Spis15114
OG0004595		Spis15117
OG0004596		Spis15132
OG0004597		Spis15140
OG0004598		Spis15142
OG0004599		Spis15148
OG0004600		Spis15149
OG0004601		Spis15166
OG0004602		Spis15167
OG0004603		Spis15169
OG0004604		Spis15171
OG0004605		Spis15172
OG0004606		Spis15177
OG0004607		Spis15178.t1
OG0004608		Spis15180
OG0004609		Spis15190
OG0004610		Spis15195
OG0004611		Spis15202
OG0004612		Spis15203.t1
OG0004613		Spis15210
OG0004614		Spis15211
OG0004615		Spis15218
OG0004616		Spis15219
OG0004617		Spis15223
OG0004618		Spis15224
OG0004619		Spis15249
OG0004620		Spis15266
OG0004621		Spis15270
OG0004622		Spis15274
OG0004623		Spis15280
OG0004624		Spis15284.t1
OG0004625		Spis15293
OG0004626		Spis15305
OG0004627		Spis15306
OG0004628		Spis15318
OG0004629		Spis15320
OG0004630		Spis15322
OG0004631		Spis15323
OG0004632		Spis15324
OG0004633		Spis15330
OG0004634		Spis15338
OG0004635		Spis15347
OG0004636		Spis15351
OG0004637		Spis15352
OG0004638		Spis15359.t1
OG0004639		Spis15360
OG0004640		Spis15361
OG0004641		Spis15363
OG0004642		Spis15369
OG0004643		Spis15370
OG0004644		Spis15381
OG0004645		Spis15382.t1
OG0004646		Spis15394
OG0004647		Spis15410
OG0004648		Spis15411
OG0004649		Spis15419
OG0004650		Spis15429
OG0004651		Spis15462
OG0004652		Spis15467
OG0004653		Spis15474
OG0004654		Spis15476
OG0004655		Spis15477
OG0004656		Spis15478
OG0004657		Spis15482
OG0004658		Spis15486
OG0004659		Spis15489
OG0004660		Spis15514
OG0004661		Spis15522
OG0004662		Spis15525
OG0004663		Spis15540
OG0004664		Spis15546.t2
OG0004665		Spis15547.t1
OG0004666		Spis15550
OG0004667		Spis15552
OG0004668		Spis15564
OG0004669		Spis15599
OG0004670		Spis15607
OG0004671		Spis15624
OG0004672		Spis15627
OG0004673		Spis15634
OG0004674		Spis15635
OG0004675		Spis15636
OG0004676		Spis15640
OG0004677		Spis15642
OG0004678		Spis15644
OG0004679		Spis15645
OG0004680		Spis15654
OG0004681		Spis15659
OG0004682		Spis15661.t1
OG0004683		Spis15676
OG0004684		Spis15679
OG0004685		Spis15686
OG0004686		Spis15688
OG0004687		Spis15701
OG0004688		Spis15702
OG0004689		Spis15718
OG0004690		Spis15730
OG0004691		Spis15733
OG0004692		Spis15741.t1
OG0004693		Spis15745
OG0004694		Spis15746
OG0004695		Spis15750
OG0004696		Spis15764
OG0004697		Spis15766
OG0004698		Spis15775.t2
OG0004699		Spis15777
OG0004700		Spis15778
OG0004701		Spis15780
OG0004702		Spis15786
OG0004703		Spis15789
OG0004704		Spis15794
OG0004705		Spis15796
OG0004706		Spis15797
OG0004707		Spis15798
OG0004708		Spis15799
OG0004709		Spis15800
OG0004710		Spis15830
OG0004711		Spis15832
OG0004712		Spis15842
OG0004713		Spis15858
OG0004714		Spis15862
OG0004715		Spis15868
OG0004716		Spis15873
OG0004717		Spis15878
OG0004718		Spis15880
OG0004719		Spis15885
OG0004720		Spis15886
OG0004721		Spis15887
OG0004722		Spis15899
OG0004723		Spis15902
OG0004724		Spis15903
OG0004725		Spis15910
OG0004726		Spis15917
OG0004727		Spis15938
OG0004728		Spis15952
OG0004729		Spis15954
OG0004730		Spis15964
OG0004731		Spis15971
OG0004732		Spis15972
OG0004733		Spis15973
OG0004734		Spis15974
OG0004735		Spis15979.t1
OG0004736		Spis15980
OG0004737		Spis15988
OG0004738		Spis16020
OG0004739		Spis16024
OG0004740		Spis16025
OG0004741		Spis16029
OG0004742		Spis16030
OG0004743		Spis16032
OG0004744		Spis16038
OG0004745		Spis16056
OG0004746		Spis16058
OG0004747		Spis16067
OG0004748		Spis16083
OG0004749		Spis16087
OG0004750		Spis16089
OG0004751		Spis16094
OG0004752		Spis16098
OG0004753		Spis16100
OG0004754		Spis16102
OG0004755		Spis16104
OG0004756		Spis16105
OG0004757		Spis16107
OG0004758		Spis16110
OG0004759		Spis16113
OG0004760		Spis16120
OG0004761		Spis16121
OG0004762		Spis16125
OG0004763		Spis16127
OG0004764		Spis16128
OG0004765		Spis16156
OG0004766		Spis16163
OG0004767		Spis16166
OG0004768		Spis16169
OG0004769		Spis16171
OG0004770		Spis16173
OG0004771		Spis16174
OG0004772		Spis16178
OG0004773		Spis16179
OG0004774		Spis16180
OG0004775		Spis16182
OG0004776		Spis16186
OG0004777		Spis16187
OG0004778		Spis16188
OG0004779		Spis16189
OG0004780		Spis16191.t1
OG0004781		Spis16202.t1
OG0004782		Spis16209
OG0004783		Spis16217
OG0004784		Spis16221
OG0004785		Spis16222.t1
OG0004786		Spis16240
OG0004787		Spis16244
OG0004788		Spis16248
OG0004789		Spis16251
OG0004790		Spis16252
OG0004791		Spis16253
OG0004792		Spis16260
OG0004793		Spis16289
OG0004794		Spis16290
OG0004795		Spis16291
OG0004796		Spis16292
OG0004797		Spis16306
OG0004798		Spis16321
OG0004799		Spis16326
OG0004800		Spis16327
OG0004801		Spis16328
OG0004802		Spis16350
OG0004803		Spis16351
OG0004804		Spis16355
OG0004805		Spis16356
OG0004806		Spis16357
OG0004807		Spis16358.t1
OG0004808		Spis16359
OG0004809		Spis16361
OG0004810		Spis16399
OG0004811		Spis16410
OG0004812		Spis16417
OG0004813		Spis16425
OG0004814		Spis16432
OG0004815		Spis16433
OG0004816		Spis16437
OG0004817		Spis16452
OG0004818		Spis16453
OG0004819		Spis16455
OG0004820		Spis16457
OG0004821		Spis16476
OG0004822		Spis16477
OG0004823		Spis16480
OG0004824		Spis16481
OG0004825		Spis16489
OG0004826		Spis16490
OG0004827		Spis16494
OG0004828		Spis16521
OG0004829		Spis16537
OG0004830		Spis16538
OG0004831		Spis16548
OG0004832		Spis16558
OG0004833		Spis16559
OG0004834		Spis16572
OG0004835		Spis16573.t2
OG0004836		Spis16578
OG0004837		Spis16579
OG0004838		Spis16581
OG0004839		Spis16582
OG0004840		Spis16584
OG0004841		Spis16585
OG0004842		Spis16586
OG0004843		Spis16587
OG0004844		Spis16588
OG0004845		Spis16589
OG0004846		Spis16593
OG0004847		Spis16594
OG0004848		Spis16596
OG0004849		Spis16597.t1
OG0004850		Spis16598
OG0004851		Spis16605
OG0004852		Spis16606
OG0004853		Spis16608
OG0004854		Spis16616
OG0004855		Spis16628
OG0004856		Spis16629
OG0004857		Spis16632
OG0004858		Spis16634
OG0004859		Spis16648
OG0004860		Spis16656
OG0004861		Spis16657
OG0004862		Spis16658
OG0004863		Spis16659
OG0004864		Spis16662
OG0004865		Spis16665
OG0004866		Spis16668
OG0004867		Spis16672
OG0004868		Spis16673
OG0004869		Spis16674
OG0004870		Spis16675
OG0004871		Spis16703
OG0004872		Spis16705
OG0004873		Spis16706
OG0004874		Spis16711
OG0004875		Spis16720
OG0004876		Spis16724
OG0004877		Spis16733.t2
OG0004878		Spis16735
OG0004879		Spis16740
OG0004880		Spis16741
OG0004881		Spis16760
OG0004882		Spis16761
OG0004883		Spis16762
OG0004884		Spis16780
OG0004885		Spis16783
OG0004886		Spis16792
OG0004887		Spis16793
OG0004888		Spis16796
OG0004889		Spis16799
OG0004890		Spis16802
OG0004891		Spis16803
OG0004892		Spis16820
OG0004893		Spis16824
OG0004894		Spis16845
OG0004895		Spis16852
OG0004896		Spis16860.t1
OG0004897		Spis16862
OG0004898		Spis16865
OG0004899		Spis16866
OG0004900		Spis16868
OG0004901		Spis16869
OG0004902		Spis16870
OG0004903		Spis16873
OG0004904		Spis16875
OG0004905		Spis16876
OG0004906		Spis16877
OG0004907		Spis16884
OG0004908		Spis16886
OG0004909		Spis16887
OG0004910		Spis16895
OG0004911		Spis16900
OG0004912		Spis16901
OG0004913		Spis16908
OG0004914		Spis16911
OG0004915		Spis16942
OG0004916		Spis16972
OG0004917		Spis16974
OG0004918		Spis16981
OG0004919		Spis16987
OG0004920		Spis16989
OG0004921		Spis16990
OG0004922		Spis16994
OG0004923		Spis17009
OG0004924		Spis17010
OG0004925		Spis17012
OG0004926		Spis17024
OG0004927		Spis17026
OG0004928		Spis17038
OG0004929		Spis17043
OG0004930		Spis17069
OG0004931		Spis17070
OG0004932		Spis17075
OG0004933		Spis17077
OG0004934		Spis17080
OG0004935		Spis17082
OG0004936		Spis17089
OG0004937		Spis17094
OG0004938		Spis17097.t1
OG0004939		Spis17101
OG0004940		Spis17104
OG0004941		Spis17106
OG0004942		Spis17107.t1
OG0004943		Spis17108
OG0004944		Spis17110
OG0004945		Spis17112
OG0004946		Spis17121
OG0004947		Spis17127
OG0004948		Spis17129
OG0004949		Spis17130
OG0004950		Spis17131
OG0004951		Spis17132
OG0004952		Spis17141
OG0004953		Spis17184
OG0004954		Spis17190
OG0004955		Spis17241.t1
OG0004956		Spis17242
OG0004957		Spis17254
OG0004958		Spis17255
OG0004959		Spis17256
OG0004960		Spis17257
OG0004961		Spis17258
OG0004962		Spis17264
OG0004963		Spis17271.t1
OG0004964		Spis17275
OG0004965		Spis17280
OG0004966		Spis17283
OG0004967		Spis17284
OG0004968		Spis17288
OG0004969		Spis17289
OG0004970		Spis17291
OG0004971		Spis17294
OG0004972		Spis17295
OG0004973		Spis17303
OG0004974		Spis17321
OG0004975		Spis17322
OG0004976		Spis17323
OG0004977		Spis17338
OG0004978		Spis17339
OG0004979		Spis17340.t1
OG0004980		Spis17347
OG0004981		Spis17348
OG0004982		Spis17349
OG0004983		Spis17351
OG0004984		Spis17362
OG0004985		Spis17363
OG0004986		Spis17371
OG0004987		Spis17377
OG0004988		Spis17388
OG0004989		Spis17403
OG0004990		Spis17426
OG0004991		Spis17432
OG0004992		Spis17469
OG0004993		Spis17471
OG0004994		Spis17475
OG0004995		Spis17482
OG0004996		Spis17491
OG0004997		Spis17497
OG0004998		Spis17498
OG0004999		Spis17499
OG0005000		Spis17500
OG0005001		Spis17503
OG0005002		Spis17507
OG0005003		Spis17508
OG0005004		Spis17509.t1
OG0005005		Spis17510
OG0005006		Spis17511
OG0005007		Spis17515
OG0005008		Spis17517
OG0005009		Spis17519
OG0005010		Spis17532
OG0005011		Spis17539
OG0005012		Spis17542.t1
OG0005013		Spis17543
OG0005014		Spis17563
OG0005015		Spis17566
OG0005016		Spis17587
OG0005017		Spis17593
OG0005018		Spis17595
OG0005019		Spis17610
OG0005020		Spis17624
OG0005021		Spis17630
OG0005022		Spis17636.t1
OG0005023		Spis17639
OG0005024		Spis17645
OG0005025		Spis17646
OG0005026		Spis17654
OG0005027		Spis17657
OG0005028		Spis17658.t1
OG0005029		Spis17680
OG0005030		Spis17681.t1
OG0005031		Spis17685
OG0005032		Spis17686
OG0005033		Spis17697
OG0005034		Spis17698
OG0005035		Spis17700
OG0005036		Spis17702
OG0005037		Spis17703
OG0005038		Spis17704
OG0005039		Spis17705
OG0005040		Spis17706
OG0005041		Spis17724.t1
OG0005042		Spis17725
OG0005043		Spis17727
OG0005044		Spis17730.t2
OG0005045		Spis17732
OG0005046		Spis17746
OG0005047		Spis17747
OG0005048		Spis17754
OG0005049		Spis17764
OG0005050		Spis17765
OG0005051		Spis17778.t1
OG0005052		Spis17779
OG0005053		Spis17780
OG0005054		Spis17814
OG0005055		Spis17817.t1
OG0005056		Spis17818
OG0005057		Spis17819
OG0005058		Spis17825
OG0005059		Spis17827
OG0005060		Spis17829
OG0005061		Spis17834.t1
OG0005062		Spis17835
OG0005063		Spis17836
OG0005064		Spis17840
OG0005065		Spis17846
OG0005066		Spis17855
OG0005067		Spis17862
OG0005068		Spis17863
OG0005069		Spis17864
OG0005070		Spis17869
OG0005071		Spis17873
OG0005072		Spis17874
OG0005073		Spis17878
OG0005074		Spis17879
OG0005075		Spis17881
OG0005076		Spis17882
OG0005077		Spis17884
OG0005078		Spis17886
OG0005079		Spis17887
OG0005080		Spis17889
OG0005081		Spis17890
OG0005082		Spis17913
OG0005083		Spis17927
OG0005084		Spis17933
OG0005085		Spis17934
OG0005086		Spis17950
OG0005087		Spis17955
OG0005088		Spis17959
OG0005089		Spis17960
OG0005090		Spis17972
OG0005091		Spis17984
OG0005092		Spis17997
OG0005093		Spis18009
OG0005094		Spis18010
OG0005095		Spis18015
OG0005096		Spis18029
OG0005097		Spis18044
OG0005098		Spis18046
OG0005099		Spis18047
OG0005100		Spis18063
OG0005101		Spis18082
OG0005102		Spis18083
OG0005103		Spis18085
OG0005104		Spis18094
OG0005105		Spis18095
OG0005106		Spis18116
OG0005107		Spis18120
OG0005108		Spis18133
OG0005109		Spis18141
OG0005110		Spis18142
OG0005111		Spis18149
OG0005112		Spis18152
OG0005113		Spis18161
OG0005114		Spis18167
OG0005115		Spis18168.t1
OG0005116		Spis18174.t1
OG0005117		Spis18176
OG0005118		Spis18179
OG0005119		Spis18188
OG0005120		Spis18192.t1
OG0005121		Spis18195.t1
OG0005122		Spis18212
OG0005123		Spis18213
OG0005124		Spis18215
OG0005125		Spis18218
OG0005126		Spis18219
OG0005127		Spis18225
OG0005128		Spis18228
OG0005129		Spis18231
OG0005130		Spis18238
OG0005131		Spis18241
OG0005132		Spis18244
OG0005133		Spis18245
OG0005134		Spis18246
OG0005135		Spis18261
OG0005136		Spis18264
OG0005137		Spis18267
OG0005138		Spis18273
OG0005139		Spis18274
OG0005140		Spis18275
OG0005141		Spis18277
OG0005142		Spis18279
OG0005143		Spis18285
OG0005144		Spis18288
OG0005145		Spis18293
OG0005146		Spis18311
OG0005147		Spis18337
OG0005148		Spis18338
OG0005149		Spis18339
OG0005150		Spis18340
OG0005151		Spis18341
OG0005152		Spis18342
OG0005153		Spis18344
OG0005154		Spis18349
OG0005155		Spis18372
OG0005156		Spis18373
OG0005157		Spis18376
OG0005158		Spis18380
OG0005159		Spis18388
OG0005160		Spis18389
OG0005161		Spis18392.t1
OG0005162		Spis18398
OG0005163		Spis18431
OG0005164		Spis18440
OG0005165		Spis18447.t1
OG0005166		Spis18457
OG0005167		Spis18466
OG0005168		Spis18475
OG0005169		Spis18476
OG0005170		Spis18477
OG0005171		Spis18478
OG0005172		Spis18491
OG0005173		Spis18492
OG0005174		Spis18494
OG0005175		Spis18495
OG0005176		Spis18496
OG0005177		Spis18499
OG0005178		Spis18503
OG0005179		Spis18505
OG0005180		Spis18507
OG0005181		Spis18519
OG0005182		Spis18521
OG0005183		Spis18522
OG0005184		Spis18524
OG0005185		Spis18541
OG0005186		Spis18542
OG0005187		Spis18543.t1
OG0005188		Spis18546
OG0005189		Spis18572
OG0005190		Spis18577
OG0005191		Spis18583
OG0005192		Spis18586
OG0005193		Spis18588
OG0005194		Spis18597
OG0005195		Spis18598
OG0005196		Spis18600
OG0005197		Spis18625
OG0005198		Spis18626
OG0005199		Spis18650
OG0005200		Spis18651
OG0005201		Spis18658
OG0005202		Spis18666
OG0005203		Spis18678
OG0005204		Spis18686
OG0005205		Spis18691
OG0005206		Spis18692.t1
OG0005207		Spis18693
OG0005208		Spis18695
OG0005209		Spis18707
OG0005210		Spis18708
OG0005211		Spis18720
OG0005212		Spis18725
OG0005213		Spis18737.t1
OG0005214		Spis18738
OG0005215		Spis18740
OG0005216		Spis18741
OG0005217		Spis18753
OG0005218		Spis18754
OG0005219		Spis18755
OG0005220		Spis18757
OG0005221		Spis18758
OG0005222		Spis18769
OG0005223		Spis18771
OG0005224		Spis18784
OG0005225		Spis18786
OG0005226		Spis18787
OG0005227		Spis18788
OG0005228		Spis18793
OG0005229		Spis18800
OG0005230		Spis18802
OG0005231		Spis18804
OG0005232		Spis18807
OG0005233		Spis18829
OG0005234		Spis18831.t1
OG0005235		Spis18834
OG0005236		Spis18840
OG0005237		Spis18841
OG0005238		Spis18842
OG0005239		Spis18849.t1
OG0005240		Spis18850
OG0005241		Spis18865
OG0005242		Spis18870
OG0005243		Spis18872
OG0005244		Spis18881
OG0005245		Spis18882
OG0005246		Spis18884
OG0005247		Spis18886.t1
OG0005248		Spis18887
OG0005249		Spis18894
OG0005250		Spis18911
OG0005251		Spis18915
OG0005252		Spis18916
OG0005253		Spis18937
OG0005254		Spis18938
OG0005255		Spis18939
OG0005256		Spis18940
OG0005257		Spis18943
OG0005258		Spis18960
OG0005259		Spis18986.t1
OG0005260		Spis18987
OG0005261		Spis18990
OG0005262		Spis18998
OG0005263		Spis19057
OG0005264		Spis19058
OG0005265		Spis19060
OG0005266		Spis19064.t1
OG0005267		Spis19065
OG0005268		Spis19068
OG0005269		Spis19072
OG0005270		Spis19119.t1
OG0005271		Spis19121
OG0005272		Spis19163
OG0005273		Spis19164
OG0005274		Spis19167
OG0005275		Spis19168
OG0005276		Spis19172
OG0005277		Spis19177
OG0005278		Spis19180
OG0005279		Spis19186
OG0005280		Spis19189
OG0005281		Spis19190
OG0005282		Spis19203
OG0005283		Spis19228
OG0005284		Spis19231
OG0005285		Spis19232
OG0005286		Spis19243
OG0005287		Spis19248
OG0005288		Spis19253
OG0005289		Spis19259
OG0005290		Spis19260
OG0005291		Spis19267
OG0005292		Spis19271.t1
OG0005293		Spis19273
OG0005294		Spis19283
OG0005295		Spis19289
OG0005296		Spis19306
OG0005297		Spis19309
OG0005298		Spis19310
OG0005299		Spis19312
OG0005300		Spis19314
OG0005301		Spis19315
OG0005302		Spis19316
OG0005303		Spis19317
OG0005304		Spis19318
OG0005305		Spis19341
OG0005306		Spis19347
OG0005307		Spis19353
OG0005308		Spis19355
OG0005309		Spis19357
OG0005310		Spis19358
OG0005311		Spis19361
OG0005312		Spis19374
OG0005313		Spis19376
OG0005314		Spis19383
OG0005315		Spis19386
OG0005316		Spis19401
OG0005317		Spis19414
OG0005318		Spis19428
OG0005319		Spis19429
OG0005320		Spis19430
OG0005321		Spis19431
OG0005322		Spis19436
OG0005323		Spis19452
OG0005324		Spis19454
OG0005325		Spis19456.t1
OG0005326		Spis19465
OG0005327		Spis19466
OG0005328		Spis19467
OG0005329		Spis19486
OG0005330		Spis19488
OG0005331		Spis19494
OG0005332		Spis19496
OG0005333		Spis19498
OG0005334		Spis19506
OG0005335		Spis19515
OG0005336		Spis19519
OG0005337		Spis19525
OG0005338		Spis19526
OG0005339		Spis19527
OG0005340		Spis19528
OG0005341		Spis19531
OG0005342		Spis19532
OG0005343		Spis19535
OG0005344		Spis19543
OG0005345		Spis19546
OG0005346		Spis19550
OG0005347		Spis19553
OG0005348		Spis19576
OG0005349		Spis19577
OG0005350		Spis19600
OG0005351		Spis19633
OG0005352		Spis19655
OG0005353		Spis19656
OG0005354		Spis19668
OG0005355		Spis19669.t1
OG0005356		Spis19671
OG0005357		Spis19673
OG0005358		Spis19677
OG0005359		Spis19707
OG0005360		Spis19718
OG0005361		Spis19721
OG0005362		Spis19723
OG0005363		Spis19758
OG0005364		Spis19777
OG0005365		Spis19780
OG0005366		Spis19785
OG0005367		Spis19788
OG0005368		Spis19792.t1
OG0005369		Spis19793
OG0005370		Spis19796
OG0005371		Spis19798
OG0005372		Spis19807
OG0005373		Spis19808
OG0005374		Spis19809
OG0005375		Spis19815
OG0005376		Spis19817
OG0005377		Spis19821
OG0005378		Spis19822
OG0005379		Spis19824
OG0005380		Spis19851
OG0005381		Spis19877
OG0005382		Spis19878
OG0005383		Spis19885.t1
OG0005384		Spis19886
OG0005385		Spis19889
OG0005386		Spis19890.t1
OG0005387		Spis19916
OG0005388		Spis19920.t1
OG0005389		Spis19921
OG0005390		Spis19929
OG0005391		Spis19938
OG0005392		Spis19949
OG0005393		Spis19951
OG0005394		Spis19988
OG0005395		Spis19996
OG0005396		Spis20013
OG0005397		Spis20014
OG0005398		Spis20016
OG0005399		Spis20027
OG0005400		Spis20035
OG0005401		Spis20036
OG0005402		Spis20043
OG0005403		Spis20072
OG0005404		Spis20077
OG0005405		Spis20093
OG0005406		Spis20111
OG0005407		Spis20112
OG0005408		Spis20117.t1
OG0005409		Spis20119
OG0005410		Spis20132
OG0005411		Spis20149
OG0005412		Spis20150
OG0005413		Spis20168
OG0005414		Spis20170
OG0005415		Spis20171
OG0005416		Spis20172
OG0005417		Spis20173
OG0005418		Spis20174
OG0005419		Spis20175.t1
OG0005420		Spis20179
OG0005421		Spis20181
OG0005422		Spis20182
OG0005423		Spis20195
OG0005424		Spis20197
OG0005425		Spis20203
OG0005426		Spis20205
OG0005427		Spis20207
OG0005428		Spis20208
OG0005429		Spis20227
OG0005430		Spis20228
OG0005431		Spis20231
OG0005432		Spis20246
OG0005433		Spis20251
OG0005434		Spis20252
OG0005435		Spis20259
OG0005436		Spis20268
OG0005437		Spis20269
OG0005438		Spis20287
OG0005439		Spis20290
OG0005440		Spis20291
OG0005441		Spis20301
OG0005442		Spis20307
OG0005443		Spis20310.t1
OG0005444		Spis20311
OG0005445		Spis20320
OG0005446		Spis20322
OG0005447		Spis20328
OG0005448		Spis20348
OG0005449		Spis20351
OG0005450		Spis20353
OG0005451		Spis20367
OG0005452		Spis20378
OG0005453		Spis20379
OG0005454		Spis20390
OG0005455		Spis20393
OG0005456		Spis20395
OG0005457		Spis20403
OG0005458		Spis20404
OG0005459		Spis20406
OG0005460		Spis20410
OG0005461		Spis20417
OG0005462		Spis20428
OG0005463		Spis20457
OG0005464		Spis20458
OG0005465		Spis20459
OG0005466		Spis20482
OG0005467		Spis20503.t1
OG0005468		Spis20505
OG0005469		Spis20507
OG0005470		Spis20509
OG0005471		Spis20510
OG0005472		Spis20513.t1
OG0005473		Spis20525
OG0005474		Spis20527
OG0005475		Spis20528
OG0005476		Spis20529
OG0005477		Spis20544
OG0005478		Spis20547
OG0005479		Spis20552
OG0005480		Spis20571
OG0005481		Spis20596
OG0005482		Spis20598
OG0005483		Spis20611
OG0005484		Spis20613
OG0005485		Spis20621
OG0005486		Spis20626
OG0005487		Spis20636
OG0005488		Spis20637
OG0005489		Spis20639
OG0005490		Spis20640
OG0005491		Spis20643
OG0005492		Spis20682
OG0005493		Spis20685
OG0005494		Spis20700
OG0005495		Spis20701
OG0005496		Spis20703
OG0005497		Spis20707
OG0005498		Spis20708
OG0005499		Spis20709
OG0005500		Spis20713
OG0005501		Spis20743
OG0005502		Spis20768
OG0005503		Spis20775
OG0005504		Spis20819
OG0005505		Spis20820
OG0005506		Spis20821
OG0005507		Spis20824
OG0005508		Spis20826
OG0005509		Spis20830
OG0005510		Spis20854
OG0005511		Spis20855
OG0005512		Spis20866
OG0005513		Spis20869
OG0005514		Spis20871
OG0005515		Spis20872
OG0005516		Spis20874
OG0005517		Spis20875
OG0005518		Spis20879
OG0005519		Spis20881
OG0005520		Spis20885
OG0005521		Spis20892.t1
OG0005522		Spis20920
OG0005523		Spis20921
OG0005524		Spis20922
OG0005525		Spis20923
OG0005526		Spis20924
OG0005527		Spis20926
OG0005528		Spis20928
OG0005529		Spis20929
OG0005530		Spis20931
OG0005531		Spis20933
OG0005532		Spis20949
OG0005533		Spis20953
OG0005534		Spis20956
OG0005535		Spis20973
OG0005536		Spis20974
OG0005537		Spis20982
OG0005538		Spis21029
OG0005539		Spis21037
OG0005540		Spis21043
OG0005541		Spis21050
OG0005542		Spis21052
OG0005543		Spis21078.t2
OG0005544		Spis21095
OG0005545		Spis21096
OG0005546		Spis21098
OG0005547		Spis21099
OG0005548		Spis21109
OG0005549		Spis21129
OG0005550		Spis21130
OG0005551		Spis21131
OG0005552		Spis21132
OG0005553		Spis21133
OG0005554		Spis21141
OG0005555		Spis21142
OG0005556		Spis21143
OG0005557		Spis21162
OG0005558		Spis21189
OG0005559		Spis21190
OG0005560		Spis21193
OG0005561		Spis21194
OG0005562		Spis21195
OG0005563		Spis21196
OG0005564		Spis21210
OG0005565		Spis21212
OG0005566		Spis21213.t1
OG0005567		Spis21217
OG0005568		Spis21222
OG0005569		Spis21223
OG0005570		Spis21225
OG0005571		Spis21231
OG0005572		Spis21249
OG0005573		Spis21254
OG0005574		Spis21256
OG0005575		Spis21257
OG0005576		Spis21262
OG0005577		Spis21276
OG0005578		Spis21277
OG0005579		Spis21299
OG0005580		Spis21311
OG0005581		Spis21324
OG0005582		Spis21330
OG0005583		Spis21333
OG0005584		Spis21337
OG0005585		Spis21350
OG0005586		Spis21359
OG0005587		Spis21360
OG0005588		Spis21371.t1
OG0005589		Spis21374
OG0005590		Spis21375
OG0005591		Spis21377
OG0005592		Spis21381.t1
OG0005593		Spis21410
OG0005594		Spis21411
OG0005595		Spis21414
OG0005596		Spis21415
OG0005597		Spis21454
OG0005598		Spis21455
OG0005599		Spis21462
OG0005600		Spis21464
OG0005601		Spis21465
OG0005602		Spis21466
OG0005603		Spis21473
OG0005604		Spis21493
OG0005605		Spis21496
OG0005606		Spis21503
OG0005607		Spis21519
OG0005608		Spis21520
OG0005609		Spis21572
OG0005610		Spis21586
OG0005611		Spis21588
OG0005612		Spis21589
OG0005613		Spis21600
OG0005614		Spis21608
OG0005615		Spis21609
OG0005616		Spis21612
OG0005617		Spis21618
OG0005618		Spis21640
OG0005619		Spis21641
OG0005620		Spis21646
OG0005621		Spis21649
OG0005622		Spis21681
OG0005623		Spis21697
OG0005624		Spis21700
OG0005625		Spis21707
OG0005626		Spis21709.t1
OG0005627		Spis21710
OG0005628		Spis21724
OG0005629		Spis21733
OG0005630		Spis21753
OG0005631		Spis21778
OG0005632		Spis21779
OG0005633		Spis21781
OG0005634		Spis21790
OG0005635		Spis21803
OG0005636		Spis21806
OG0005637		Spis21827
OG0005638		Spis21876
OG0005639		Spis21877
OG0005640		Spis21883
OG0005641		Spis21932.t1
OG0005642		Spis21936
OG0005643		Spis21943
OG0005644		Spis21945
OG0005645		Spis21955
OG0005646		Spis21957
OG0005647		Spis21958
OG0005648		Spis21959
OG0005649		Spis21968
OG0005650		Spis21978
OG0005651		Spis21997
OG0005652		Spis22002
OG0005653		Spis22003
OG0005654		Spis22016.t1
OG0005655		Spis22017
OG0005656		Spis22018
OG0005657		Spis22092
OG0005658		Spis22096
OG0005659		Spis22101
OG0005660		Spis22108
OG0005661		Spis22111
OG0005662		Spis22112
OG0005663		Spis22128
OG0005664		Spis22130
OG0005665		Spis22131
OG0005666		Spis22132
OG0005667		Spis22152
OG0005668		Spis22177
OG0005669		Spis22187
OG0005670		Spis22188
OG0005671		Spis22202
OG0005672		Spis22221
OG0005673		Spis22225
OG0005674		Spis22254
OG0005675		Spis22285
OG0005676		Spis22289
OG0005677		Spis22348
OG0005678		Spis22349
OG0005679		Spis22391
OG0005680		Spis22397
OG0005681		Spis22416
OG0005682		Spis22425
OG0005683		Spis22459
OG0005684		Spis22460
OG0005685		Spis22485
OG0005686		Spis22509.t2
OG0005687		Spis22523
OG0005688		Spis22532
OG0005689		Spis22557
OG0005690		Spis22588
OG0005691		Spis22654
OG0005692		Spis22657
OG0005693		Spis22659
OG0005694		Spis22679
OG0005695		Spis22680
OG0005696		Spis22698
OG0005697		Spis22700
OG0005698		Spis22713
OG0005699		Spis22720
OG0005700		Spis22724
OG0005701		Spis22756
OG0005702		Spis22765
OG0005703		Spis22891
OG0005704		Spis22911
OG0005705		Spis22932
OG0005706		Spis22975
OG0005707		Spis22989.t1
OG0005708		Spis22990
OG0005709		Spis22992
OG0005710		Spis22995
OG0005711		Spis22999
OG0005712		Spis23054
OG0005713		Spis23061
OG0005714		Spis23073
OG0005715		Spis23074
OG0005716		Spis23075
OG0005717		Spis23078
OG0005718		Spis23105
OG0005719		Spis23136
OG0005720		Spis23189
OG0005721		Spis23200
OG0005722		Spis23244
OG0005723		Spis23273
OG0005724		Spis23274
OG0005725		Spis23370
OG0005726		Spis23371
OG0005727		Spis23390
OG0005728		Spis23422
OG0005729		Spis23443
OG0005730		Spis23475
OG0005731		Spis23492
OG0005732		Spis23560
OG0005733		Spis23562
OG0005734		Spis23574
OG0005735		Spis23592
OG0005736		Spis23609
OG0005737		Spis23611
OG0005738		Spis23613
OG0005739		Spis23614
OG0005740		Spis23684
OG0005741		Spis23685
OG0005742		Spis23686
OG0005743		Spis23701
OG0005744		Spis23703
OG0005745		Spis23715
OG0005746		Spis23716
OG0005747		Spis23733
OG0005748		Spis23739
OG0005749		Spis23751
OG0005750		Spis23788
OG0005751		Spis23796
OG0005752		Spis23806
OG0005753		Spis23807
OG0005754		Spis23885
OG0005755		Spis23887
OG0005756		Spis23909
OG0005757		Spis23957
OG0005758		Spis23959
OG0005759		Spis23970
OG0005760		Spis24009
OG0005761		Spis24028
OG0005762		Spis24037
OG0005763		Spis24042
OG0005764		Spis24048
OG0005765		Spis24095
OG0005766		Spis24098
OG0005767		Spis24103
OG0005768		Spis24134
OG0005769		Spis24139
OG0005770		Spis24151
OG0005771		Spis24173
OG0005772		Spis24194
OG0005773		Spis24197
OG0005774		Spis24241
OG0005775		Spis24242
OG0005776		Spis24294.t1
OG0005777		Spis24401
OG0005778		Spis24423
OG0005779		Spis24448
OG0005780		Spis24453
OG0005781		Spis24459
OG0005782		Spis24463
OG0005783		Spis24465
OG0005784		Spis24503
OG0005785		Spis24516
OG0005786		Spis24520
OG0005787		Spis24523
OG0005788		Spis24527
OG0005789		Spis24531
OG0005790		Spis24558
OG0005791		Spis24606
OG0005792		Spis24617
OG0005793		Spis24626
OG0005794		Spis24636
OG0005795		Spis24638
OG0005796		Spis24644
OG0005797		Spis24661
OG0005798		Spis24692
OG0005799		Spis24709
OG0005800		Spis24718
OG0005801		Spis24741
OG0005802		Spis24751
OG0005803		Spis24752
OG0005804		Spis24758
OG0005805		Spis24768
OG0005806		Spis24769
OG0005807		Spis24787
OG0005808		Spis24789
OG0005809		Spis24793
OG0005810		Spis24795
OG0005811		Spis24812
OG0005812		Spis24822
OG0005813		Spis24829
OG0005814		Spis24841
OG0005815		Spis24845
OG0005816		Spis24849
OG0005817		Spis24867
OG0005818		Spis24879
OG0005819		Spis24883
OG0005820		Spis24894
OG0005821		Spis24902
OG0005822		Spis24907
OG0005823		Spis24915
OG0005824		Spis24919
OG0005825		Spis24920
OG0005826		Spis24927
OG0005827		Spis24937
OG0005828		Spis24938
OG0005829		Spis24946
OG0005830		Spis24949
OG0005831		Spis24976
OG0005832		Spis24978
OG0005833		Spis24983
OG0005834		Spis24990
OG0005835		Spis24993
OG0005836		Spis25005
OG0005837		Spis25008
OG0005838		Spis25009
OG0005839		Spis25015
OG0005840		Spis25017
OG0005841		Spis25022
OG0005842		Spis25025.t2
OG0005843		Spis25031
OG0005844		Spis25034
OG0005845		Spis25039
OG0005846		Spis25041
OG0005847		Spis25057
OG0005848		Spis25058
OG0005849		Spis25060
OG0005850		Spis25061
OG0005851		Spis25063
OG0005852		Spis25072
OG0005853		Spis25074
OG0005854		Spis25077
OG0005855		Spis25078
OG0005856		Spis25080
OG0005857		Spis25081
OG0005858		Spis25087
OG0005859		Spis25092
OG0005860		Spis25095
OG0005861		Spis25098
OG0005862		Spis25101
OG0005863		Spis25109
OG0005864		Spis25114
OG0005865		Spis25116
OG0005866		Spis25120
OG0005867		Spis25126
OG0005868		Spis25133
OG0005869		Spis25138
OG0005870		Spis25139
OG0005871		Spis25142
OG0005872		Spis25146
OG0005873		Spis25153
OG0005874		Spis25156
OG0005875		Spis25160
OG0005876		Spis25164
OG0005877		Spis25172
OG0005878		Spis25175
OG0005879		Spis25178
OG0005880		Spis25179
OG0005881		Spis25180
OG0005882		Spis25186
OG0005883		Spis25187
OG0005884		Spis25190
OG0005885		Spis25195
OG0005886		Spis25196
OG0005887		Spis25199
OG0005888		Spis25202
OG0005889		Spis25207
OG0005890		Spis25211
OG0005891		Spis25217
OG0005892		Spis25219
OG0005893		Spis25221
OG0005894		Spis25223
OG0005895		Spis25226
OG0005896		Spis25228
OG0005897		Spis25235
OG0005898		Spis25236
OG0005899		Spis25240
OG0005900		Spis25248
OG0005901		Spis25249
OG0005902		Spis25252
OG0005903		Spis25254
OG0005904		Spis25262
OG0005905		Spis25263
OG0005906		Spis25264
OG0005907		Spis25267
OG0005908		Spis25274
OG0005909		Spis25282
OG0005910		Spis25286
OG0005911		Spis25291
OG0005912		Spis25292
OG0005913		Spis25293
OG0005914		Spis25303
OG0005915		Spis25308
OG0005916		Spis25310
OG0005917		Spis25311
OG0005918		Spis25313
OG0005919		Spis25314
OG0005920		Spis25315
OG0005921		Spis25318
OG0005922		Spis25321
OG0005923		Spis25322
OG0005924		Spis25324
OG0005925		Spis25325
OG0005926		Spis25326
OG0005927		Spis25331
OG0005928		Spis25335
OG0005929		Spis25338
OG0005930		Spis25343
OG0005931		Spis25352
OG0005932		Spis25355
OG0005933		Spis25361
OG0005934		Spis25366
OG0005935		Spis25374
OG0005936		Spis25376
OG0005937		Spis25380
OG0005938		Spis25383
OG0005939		Spis25384
OG0005940		Spis25386
OG0005941		Spis25387
OG0005942		Spis25390
OG0005943		Spis25391
OG0005944		Spis25393
OG0005945		Spis25397
OG0005946		Spis25399
OG0005947		Spis25400
OG0005948		Spis25401
OG0005949		Spis25402
OG0005950		Spis25405
OG0005951		Spis25406
OG0005952		Spis25419
OG0005953		Spis25421
OG0005954		Spis25428
OG0005955		Spis25442
OG0005956		Spis25446
OG0005957		Spis25450
OG0005958		Spis25456
OG0005959		Spis25463
OG0005960		Spis25467
OG0005961		Spis25468
OG0005962		Spis25470
OG0005963		Spis25474
OG0005964		Spis25475
OG0005965		Spis25476
OG0005966		Spis25481
OG0005967		Spis25483
OG0005968		Spis25485
OG0005969		Spis25491
OG0005970		Spis25493
OG0005971		Spis25496
OG0005972		Spis25498
OG0005973		Spis25500
OG0005974		Spis25503
OG0005975		Spis25504
OG0005976		Spis25506
OG0005977		Spis25508
OG0005978		Spis25509
OG0005979		Spis25510
OG0005980		Spis25524
OG0005981		Spis25534
OG0005982		Spis25539
OG0005983		Spis25540
OG0005984		Spis25544
OG0005985		Spis25545
OG0005986		Spis25546
OG0005987		Spis25547
OG0005988		Spis25559
OG0005989		Spis25563
OG0005990		Spis25569
OG0005991		Spis25578
OG0005992		Spis25580
OG0005993		Spis25581
OG0005994		Spis25584
OG0005995		Spis25585
OG0005996		Spis25587
OG0005997		Spis25589
OG0005998		Spis25596
OG0005999		Spis25598
OG0006000		Spis25612
OG0006001		Spis25613
OG0006002		Spis25622
OG0006003		Spis25625
OG0006004		Spis25629
OG0006005		Spis25633
OG0006006		Spis25635
OG0006007		Spis25639
OG0006008		Spis25642
OG0006009		Spis25643
OG0006010		Spis25646
OG0006011		Spis25653
OG0006012		Spis25654
OG0006013		Spis25655
OG0006014		Spis25658
OG0006015		Spis25668
OG0006016		Spis25669
OG0006017		Spis25671
OG0006018		Spis25675
OG0006019		Spis25678
OG0006020		Spis25679
OG0006021		Spis25683
OG0006022		Spis25692
OG0006023		Spis25710
OG0006024		Spis25715
OG0006025		Spis25724
OG0006026		Spis25736
OG0006027		Spis25740
OG0006028		Spis25742
OG0006029		Spis25751
OG0006030		Spis25752
OG0006031		Spis25755.Novel
OG0006032		Spis25759.Novel
OG0006033		Spis25776.Novel
OG0006034		Spis25777.Novel
OG0006035		Spis25778.Novel
OG0006036		Spis25780.Novel
OG0006037		Spis25783.Novel
OG0006038		Spis25785.Novel
OG0006039		Spis25786.Novel
OG0006040		Spis25788.Novel
OG0006041		Spis25798.Novel
OG0006042		Spis25801.Novel
OG0006043		Spis25803.Novel.t1
OG0006044		Spis25805.Novel
OG0006045		Spis25810.Novel
OG0006046		Spis25814.Novel
OG0006047		Spis25818.Novel
OG0006048		Spis25822.Novel
OG0006049		Spis25826.Novel
OG0006050		Spis25827.Novel
OG0006051		Spis25830.Novel
OG0006052		Spis25832.Novel
OG0006053		Spis25836.Novel.t1
OG0006054		Spis25837.Novel
OG0006055		Spis25840.Novel
OG0006056		Spis25843.Novel
OG0006057		Spis25850.Novel
OG0006058		Spis25856.Novel
OG0006059		Spis25864.Novel
OG0006060		Spis25866.Novel
OG0006061		Spis25869.Novel
OG0006062		Spis25874.Novel
OG0006063		Spis25880.Novel
OG0006064		Spis25881.Novel
OG0006065		Spis25883.Novel
OG0006066		Spis25884.Novel.t1
OG0006067		Spis25888.Novel
OG0006068		Spis25893.Novel
OG0006069		Spis25897.Novel
OG0006070		Spis25898.Novel.t2
OG0006071		Spis25901.Novel
