"PC1","PC2","PC3","PC4","PC5","PC6","PC7","PC8","PC9","PC10","PC11","PC12","PC13","PC14","PC15","PC16","PC17","PC18","PC19","PC20","PC21","PC22","PC23","PC24","PC25","PC26","PC27","PC28","PC29","PC30","PC31","PC32","PC33","PC34","PC35","PC36","Orthogroup"
-0.0799397624748771,0.00367947461104755,0.0177241205723714,-0.0447100367386658,0.0367471034823555,0.0355706849580586,-8.09310114926055e-05,0.0197703985866178,0.0229090323191763,-0.0141565394421266,0.0105884467915605,0.0238202836113729,0.0699806122758272,-0.0309846249213605,0.0335431198791505,0.0233925335258232,0.0193146138520168,0.0443248842434996,-0.0257679980433228,0.0535550173099488,-0.0467870316676592,0.024143089431704,0.0316147152466791,0.00553734036372835,0.0315731156379789,-0.0140079996094178,0.0149458490821865,-0.0074325068391611,0.0343748558949497,0.0097416979958145,0.00712167263711185,-0.00558991105920097,0.0310962646868725,-0.0325173126371481,0.0258490810320967,-0.0131351057842177,"OG0009017"
-0.0591920157925433,0.000615068361356745,0.00716385136489615,-0.00463350089721793,0.00397282447403931,0.0240848074883882,-0.00747893286458977,0.0153222336220801,0.0142955443690484,-0.00710358647623946,0.0472152020846165,-0.0194395945755061,0.0276151121294272,-0.01485090046746,0.0211050842320778,0.0219737238627306,-0.00184567478700816,-0.0376845797589633,-0.0185017227132024,0.000582093980652124,0.000292134248099897,-0.00210464265207081,0.0205456456687332,-0.0689102814939432,-0.0063680454503801,-0.00280693237564635,0.0300478364101646,0.055996123811624,0.0229168439798354,0.0563749096299514,0.0193029618925506,0.00111691205346313,-0.0205084506417347,-0.0108231599751543,0.0134056048484469,-0.0173471819201942,"OG0008477"
-0.0564566312726642,0.000581353024931521,0.00953811430645,-0.0262913964243123,0.0204062225202063,0.0343615220030147,0.00531582806367367,0.0128942277190059,0.00308887155473296,0.000217588296872099,-0.014059170009448,-0.0486365951532751,0.00241320260900806,0.0472877355189409,-0.0328456908264574,-0.0121103161765718,-0.000420976263246169,-0.0266007282417221,-0.0649842090153779,-0.0246308126627309,-0.0164097210473645,0.0294254607865684,0.00900031029881657,0.0021529422365291,-0.0129743312732436,-0.000581068173717164,0.0296964826814013,-0.023364031180641,0.0409816985965368,-0.00443591538816151,0.0106318360823778,0.0132583022716907,0.012635571542122,0.0159132738900941,-0.000254115142912532,0.0110734220341922,"OG0010274"
-0.0560302123211735,0.00215584758095149,0.0191091162395167,-0.024303561272785,0.00593101053236316,0.0137678732339955,-0.00251999207927844,0.0342337136459899,0.0124531093173346,-0.0348038796432609,-0.00139265681336364,0.0023838607760871,0.0359981512702956,0.00582828732915244,-0.0564394103121951,0.0065226388699113,-0.023980062983718,-0.00671692746336534,0.00604781544679817,0.00312140855969494,-0.0156650901100359,-0.00305180089499976,-0.00138415266967022,0.0136665909338536,0.0127826650788466,-0.0109325689174614,-0.0151732693335009,-0.00393704747400588,0.00654172146574021,0.0209292934541702,0.00391840328909022,0.0120123617544152,-0.00567945226209038,-0.00444559946695605,0.0150354294257999,-0.00258125532918729,"OG0008247"
-0.055028391815557,0.0149735079054254,0.0214382782237644,-0.0040079964094712,0.00736694469586191,0.0587008415059355,0.00438126014628897,0.0184543554564721,0.024488100979974,0.01739039420067,-0.00733168913761544,0.00289369424892168,0.0243198087485889,-0.0384686454873269,0.0459124083352302,0.0112920506372011,0.00769634661039071,0.0172191962488061,-0.018795284122616,-0.0273996169311488,0.00826746685749639,0.00379195975612286,0.00887484323464114,0.000817980770379847,-0.0116436049285992,0.0130994474826235,0.0236714760392565,-0.00503470795704071,-0.00420990411347712,-0.0133367900063747,0.0133903716721966,-0.00819358602720108,0.00367136485541281,0.00702543876085259,-0.00141980920100225,0.00700963401384327,"OG0008276"
-0.0536829157486593,-0.0120272284644916,0.00303275515458816,-0.00957063454846762,-0.0199343643856949,-0.02397471890853,0.00594856488367999,-0.0102573429606648,-0.0204365232393366,-0.0180494697867817,-0.00415006478390959,0.00368173326554525,0.0109363321439617,0.00925589393560578,0.00860029584462782,-0.000271667542028814,0.00894120945395742,-0.00578445959127187,0.00345266830457844,0.0041327960191644,-0.0159692494187607,-0.00507670947582714,-0.0102555578185284,-0.005523507574764,0.00368462142702679,-9.39780176296898e-05,0.0105674825622076,-0.00491948670462319,0.015565805276853,-0.00563050027441518,0.00618159112615968,0.00752452422933194,-0.00468699089319626,0.0187544637084433,-0.000984554381580416,-0.0119853805580395,"OG0009325"
-0.0536804962723166,-0.0111408156548682,0.00266121688655021,-0.0118560632803764,-0.00624848720903975,-0.0167052884982708,0.00624540735387042,0.00514868909147329,-0.00682133282257907,-0.00430678176983039,0.00749824316752252,-0.0133022126213969,-0.0145042780062652,0.00350615786016705,-0.000577627540719171,-0.0206279560438813,-0.00446283358362094,0.0120953517979826,0.0161711695707932,-0.0088799516313321,-0.00793619119249968,-0.00589423202057895,0.0319337522423208,0.0109586474876776,-0.0149294611271111,0.0229259140693365,-0.00447807445677577,0.0247218515950003,-0.0217633523492483,-0.00277774475498918,0.00940795170397172,-0.0360275001485292,-0.0079055085093022,-0.00759043805560895,-0.000798233957447994,0.0128680229913963,"OG0009534"
-0.0533247620120858,-0.00279036710003712,0.0214449982428281,-0.012849629591451,0.0200225028482064,0.000688365251280292,-0.00105347984289661,0.00109588748591984,0.0218494111164579,0.0134082763377864,-0.0432374903882643,0.0146736778085182,0.0350914368400796,-0.01218463016657,0.0330902061717905,0.0687618556160166,0.0205735106265291,0.0250350604885009,-0.0293849308870621,-0.0327436277912202,-0.0268725703759775,-0.0416788618498708,0.0104959982107578,0.00226487326123871,-0.00764946809639457,-0.0100777329854621,0.00692230281669736,0.0117589622040446,-0.00776198293530269,-0.005048643035248,0.0210696847527862,-0.0115077648298727,0.0153628327920743,0.0149484102998715,-0.0300961694632295,0.0103258060820367,"OG0012244"
-0.0524163924145669,0.00350475224859659,0.0101740820033793,-0.0247801099794786,0.0126550595248196,0.0209491450277163,0.00611181570648734,0.00732953196520092,-0.00213048301259223,-0.00637392583206701,-0.011435381740963,-0.029992896445409,-0.00646253348369224,0.0275762433684707,-0.0148332749438833,-0.0240587749902371,0.00522286184767749,-0.0296315404917942,-0.0766219141571804,-0.0342236814590978,-0.0120205369770554,0.0205702743119,0.00439070963672502,0.0105940828004097,-0.0254050573904851,-0.00118625316474815,0.0158161273920032,-0.01654154433458,0.0337776424644662,-0.00324355250474845,0.00786762418700603,-0.00668923523340876,0.0137900216096014,0.0147422105866612,0.00396438809969052,0.00621181333195304,"OG0005725"
-0.0507743879070209,-0.010118467179624,-0.00399915430448197,0.00993079947654511,-0.0367836700312941,-0.00855413148225974,0.00199700567822891,0.00782335309308938,0.0075319210545128,-0.00756845479487184,0.0366177362313125,0.0123425922193612,-0.00786788264525192,-0.0645111250021107,0.0201849714409573,-0.0230834248101881,0.0255305260453364,0.0136693645163056,0.0267483823549503,-0.0203581805663928,0.007094636068389,0.0137895514741451,0.00955591694789572,-0.00118746633614612,0.015363215121548,0.0201538585745173,0.00275962551908737,-0.00398190165517246,-0.014200923194068,0.0121086865129141,0.0113727106210087,-0.0151846969816807,-0.0173626251075132,-0.00683372727850669,0.00634399723330386,0.00850149346244809,"OG0010082"
-0.0494236745912794,-0.0146148915661586,-0.0123886027126789,-0.000680323278789508,-0.023709431792902,-0.00569257686220075,-0.00997740680517027,-0.0112049609440756,0.0245731603429543,-0.0109788382958471,0.0238847702450976,0.00935219794568201,0.0299709089947005,0.0537559763310263,0.0108183694644599,0.00643739254406734,-0.00406197621589053,0.0230871471229551,0.00705953959154272,0.00780930252907389,0.00103837562092838,-0.00802066622537143,-0.00696023281406249,-0.0212147006284787,0.000649707676717333,-0.018263538991531,-0.026532294578967,-0.0158461776208487,0.000518353177220659,-0.0121593588506327,0.0103851446470058,0.0188118347076545,-0.0227741834914371,-0.0269804081219671,-0.00158280633703712,-0.0170430507781375,"OG0012365"
-0.0486777255012547,-0.00306055733821957,0.00172782848198393,-0.00782521443307418,-0.0276034125787124,-0.0240790456629049,0.00718545287593298,0.0146418416954981,-0.0162600685774521,0.0321346915574022,0.053725174120515,0.00180189121581497,0.0258775691342417,0.00215970089274647,0.0163580999426874,0.0163410671198727,0.0172607223940339,-0.00382094429649999,0.00583655454693013,0.017380871806573,-0.0135692926434444,0.0171844396597458,0.00246189779222033,-0.000103539317735319,0.060131030724549,0.0136889125791481,0.00540289971181893,-0.0190225736693697,-0.0106582320738731,-0.021338311261758,0.00356125458261654,-0.000970332707243525,-0.0135349668671052,0.000962408896081381,0.002661435080601,0.0130542711212954,"OG0006275"
-0.0482162437487129,0.0148889006706858,0.0191946218162755,-0.000617810200882188,0.0171095131587041,0.0379306823574103,0.0148678226881111,0.0289226940358471,-0.00414155532850163,0.00201655734084219,-0.00935720905392773,0.00922699001061908,-0.0244419647774048,0.0163195404125486,-0.00388021756207117,-0.0319502629470248,-0.0404623385060735,-0.0364230529421631,0.0214076024245759,0.00158327791195869,0.0101279971946413,-0.0287962001191982,-0.0148154786554827,-0.0626293863689493,0.059686606263868,0.0433164626924932,-0.0249929993972484,-0.00542596596318457,0.00778589892650955,-9.76664750638814e-05,0.00536232594191169,0.00606995904644454,-0.0087671638610166,-0.00305602662848721,0.00793582778310459,0.00957996313446167,"OG0009926"
-0.0478867475542838,-0.00863401351170006,-0.00610675494630593,0.0134756806898393,-0.0250309555917576,-0.00214131636714735,0.00337459101518917,0.01758290704688,0.00458911691670041,0.0117232430219,0.0140700474534576,-0.0117943387415218,-0.0154623636224552,0.0320645512664663,0.0616511396145363,0.00433602923919486,-0.0174300161158264,-0.0274006158471978,-0.018536407706564,-0.00711633984972183,0.023258528310222,-0.0179083180972789,-0.00706402224945573,-0.0353658714810743,0.0195677106409656,-0.0237326357960166,-0.00409558069679343,0.0362169971802723,-0.0123503808981228,-0.0301312904307693,0.0101456927531888,-0.000102742426635122,-0.00948413694684814,-0.00490536729860575,0.00286650668194925,-0.0112215970613483,"OG0007255"
-0.0470606836250371,-0.00821572143393312,-0.000255693860816619,-0.00656208385160294,0.00879504849623013,-0.00628745169008767,0.00330480976658038,0.0231732153357598,0.0052174664186938,-0.0115850887802558,0.00902490071485089,0.00532695103289002,0.0119680764195523,-0.0142362844634464,0.00616289503580997,0.0165158778994295,-0.00373255615462714,-0.0154818888228201,-0.00571022658318509,-0.00115679386701624,-0.0115819123696455,-0.002291073501099,0.000119123570131525,0.018815652393567,-0.0095359831645207,0.00615647921004786,0.0183545333701293,-0.00675082425333391,-0.000176681029659399,-0.0133258994464492,0.00384232542753581,0.0208501821048902,-0.0387747683849692,-0.0156587812370601,-0.0178968728066593,-0.0154367573775223,"OG0007346"
-0.0461721880854093,0.0228175315795813,0.0308854169495205,0.00622612957905181,-0.0102131350412297,-0.0177922384354169,0.00327191421701334,0.00414484609275648,0.00973953662402917,0.0103241187204736,-0.0168358295377996,-0.0206183044283937,0.0199615233048758,0.131498365480115,-0.0434475527110444,-0.0732195315887693,-0.0287423184481856,-0.0220777114186592,-0.0637801507934642,0.00481440648080429,0.00517261476205793,0.0208916671610947,-0.0559710620798588,0.0190116431407192,-0.0524017536472304,-0.00795503803931108,0.00841966260547975,0.107176104085632,0.0317234832581219,-0.0119715750015309,0.00646993719701708,0.0302275805966273,0.0130113666437761,0.0186735745083918,-0.00490991543549062,-0.00449454694075073,"OG0012144"
-0.0454549962558319,-0.00319010611830174,0.011034596875091,-0.00751944143078103,-0.0136558482808011,-0.0109734814679459,0.00577560776984625,0.0342624800930835,0.00594006261224277,-0.00859788786522616,0.0148374619922735,-0.0221658232373119,0.0236237388329282,-0.0193497885682056,0.011380892993837,0.0125847646299742,-0.0121368440617276,0.00380588579051863,-0.0256697803515466,-0.0139629444860277,-5.88327495061393e-06,-0.01537456697126,-0.00221746665823917,-0.000824001509042712,0.0203112964354649,-0.00525058156941767,0.00542343389308703,0.0130026673108737,0.0089925181138311,0.00523229620730472,0.0142812604110741,-0.0038864575459134,-0.0168991309498291,0.0150456944166757,-0.0123514914210899,0.0147642960473656,"OG0012243"
-0.0451478696292405,-0.0105728028558374,0.013350426027616,0.0015655790639682,-0.00744103290440972,-0.000349962293873405,0.00524525599795374,0.00749255822189544,-0.000136678538761745,-0.0152059100247055,-0.0348725793762513,-0.0340416973373851,0.025634841506971,-0.026596817690918,0.0315672792292211,-0.00447850009106308,-0.000661810045677506,-0.0174157999535335,0.00292468954478405,-0.00244919060405952,0.00747890221592956,-0.00239487742430332,0.00869793055000746,-0.015793665354178,-0.010747886466104,-0.0049351164677683,-0.0211318391093875,-0.02201329517951,-0.000774247827055475,-0.0105918133697856,-0.00148365043525329,-0.00435521748868837,-0.0238192060057246,0.0134164604901643,-0.0248278261906836,0.0102424501435374,"OG0009106"
0.0451428632970788,0.0397582005731214,0.0739951465421165,0.0225402617451231,0.0471232574315483,0.000357908988382993,0.00640464841389807,0.0141933216700466,-0.0213181164759907,0.0259564982814437,0.10899304887457,-0.030163647555813,-0.114084224430976,-0.0720348968500336,0.0498886749276194,-0.00554366781185906,-0.00382334814467054,-0.0769447858452783,-0.0058931589080997,-0.0101483951002546,0.0625170194045398,0.0176108893102478,-0.0249491796724324,-0.0187378459675068,0.00874860391501158,0.0244102802218795,0.0481986984735804,-0.00333938366957645,0.00485186638465352,-0.00672144044110736,0.0133946862763355,0.0211198881037909,0.0218437251450905,0.00418066110545615,-0.00659511057616997,-0.0127209594084656,"OG0009300"
-0.0451391837907967,0.0434528590746289,0.0244519986739372,0.047749237812056,0.0374680758109937,-0.0307458803835976,-0.00426434377872155,0.00461454191403853,0.036978200250612,-0.019563668754961,-0.0098094136585644,-0.00744083449332384,0.0208662491076907,0.00760019129296286,-0.00983768625850279,-0.00347026418078215,0.00481462023787358,-0.00093896027583583,-0.0444822331856286,0.0140510019904068,-0.0260917932642817,-0.00256808459522337,0.0170737986015903,-0.0118826568602075,0.0442447286268788,0.0311556561979521,0.0130679367794095,-0.00984681848638679,0.0125405443060375,-0.00130757766276731,-0.00206963876564136,-0.00399241910807241,0.0224257346809468,0.0244907134070319,0.0129580838444656,-0.00817099067254473,"OG0011351"
-0.0446465357633199,0.00519174286736116,0.0141008751816409,-0.0332089856705289,0.00158241126489626,0.0150844109651048,0.00534981096492535,0.0422143677246902,0.0183667675444712,0.0324425684991965,0.00671947026429629,-0.00192451446494206,0.0105530611652316,0.0747242711915648,0.0211710805400649,-0.0403789436244995,-0.0107514355852716,0.0083071999191026,0.0229452641882446,0.0016013722470844,0.0102908261860051,-0.0108364879127664,0.00759223022670826,0.00173909677935825,-0.000225445097691625,-0.0107727767535485,0.00747447875771886,-0.00179999123803469,0.0120112316131655,0.00740162963543019,0.0123383165699718,0.0208632197550666,-0.00976239269941467,0.0187838272045702,0.0154163687064921,0.0125719931831221,"OG0008200"
0.0445052056597861,0.0166481941138435,-0.0126656507707712,-0.0428864982732388,0.0103286329595608,-0.0342779859719354,-0.00599127633752948,-0.0207538206911738,0.00167892988984955,-0.0179695891456195,0.00362044644089082,0.0132418776001464,0.00222414704748367,-0.00766465768657111,-0.00497060462826537,-0.00945921171160708,0.01559643288897,-0.00104742384121929,0.0177752376358721,0.00124809017716092,0.0184471678741608,0.00466699356108341,-0.0045177858578744,0.00121723341229826,-0.00185729079990644,0.00287679438810192,0.0233620987356219,-0.0010740133534579,-0.00554846762138677,-0.00407893485948474,0.00454478624418159,0.0270982395432161,0.0013319061862838,0.00172478669783191,0.00664634772035496,-0.0142553231705813,"OG0006499"
-0.0441184037939299,0.00135821623410703,0.0123780976562285,-0.0494153596667868,0.0213537494296261,-0.0482429492500552,-0.00501426260842133,-0.0139259584429364,0.0366081559549929,-0.0287544507178118,0.0760313938107577,0.0600060243655559,-0.0359094070054427,0.00795533687344916,0.0132219046898712,0.0514943849831714,-0.00439878085031298,-0.0196131961302154,-0.0345998184083189,0.0197816591102062,-0.0112342927084943,0.00144134515162837,0.0120839744228661,-0.0760659448969252,-0.0452565732055641,-0.0350328195138466,0.0335603263650784,-0.0151207727570985,0.0522613722978357,0.0244774192678644,0.0095394080908071,-0.00566141719608695,0.00679048633414932,-0.0180718947156253,-0.00781760489639391,0.017330241527747,"OG0007967"
-0.0439852518080876,-0.0112696722023245,-0.00709878471987843,0.00551758689751814,-0.015161422456902,-0.00132668610305685,-0.00265166261926496,-0.0108620644825764,-0.0016938222485875,-0.0269423715033206,0.020236695543326,0.00517345495550445,0.00725404344975587,-0.0503854017547478,-0.0449612191144502,-0.0027511978434269,0.00435871140960539,0.0350650192901489,0.00499289820839518,0.00585211949231464,-0.00840244642408099,0.0076204126083139,-0.00273963833631316,-0.00697659652590368,0.0166489430135821,0.012868152023581,-0.0165237605351033,-0.0230985248791181,0.00544772809232327,0.00990755377396348,0.0135806635977157,5.11318021717871e-05,0.00275486528216082,-0.00361191465503809,-0.0153977384288738,-0.00811398103034944,"OG0009054"
-0.0438159184348779,-0.0171496911463944,0.0424084532878587,-0.0182640495199305,0.012422601935526,0.0167445556582791,-0.00963460396609512,-0.015504826636451,0.0196907320904417,0.00448245022502402,-0.0407235709385633,0.0291426861873721,0.0523248933093681,-0.0854862087908465,-0.0397681197869288,-0.0414284487099581,-0.0162479757421891,-0.00585434242318992,0.0217046454463968,0.00919771432422702,-0.00994703449406828,-0.00377475875482722,0.00214722000672434,-0.0068438328522297,0.0283547018370306,-0.00257713077441489,0.00211946672244018,0.0146726320110991,-0.02038799106002,-0.0280786671061311,0.00615157978765122,-0.00416038460927055,0.00880251414679935,0.00678730160206104,0.00779224538875007,0.014801505227705,"OG0006208"
-0.043781059651383,-0.0123544158309375,-0.00887598929553974,-0.0111364056411863,0.00291868397567443,-0.0157467083712537,-0.000427683182085487,0.00758011498534254,0.0111546171175229,0.00218530474411363,0.0148513515509914,0.0104327494523873,-0.0320993698383225,-0.0208118899397048,0.0240127466486911,-0.00930951446333981,-0.0104102159838909,-0.00801728379755925,-0.00403303023882968,-0.00251369291102345,-0.000182384668599398,0.00133516898593233,0.0139413836625852,0.00515874325907071,0.00979819461532358,0.000954184712604764,0.00312519598841789,0.0113677285876768,0.0127515608077335,-0.00460819368848994,0.0108001747365763,0.00469923708058367,0.001493928869316,0.00429978144969898,0.00289820624213337,0.0111869459159874,"OG0008709"
-0.04339131770699,-0.00792730375514157,0.0105095315411605,-0.00559284079681504,-0.00553783924995898,0.00390289048190289,-0.00353757674700488,-0.0115853188856202,0.0101967296348759,0.00907487147190342,-0.0184002691627248,0.0114774087238964,-0.00145308052894443,-0.0419561187522803,-0.0345747882316263,0.0109094315058105,0.00631823181533625,0.0197035226860729,0.00449688213392591,-0.00659438249043024,0.00246512713447878,-0.00278082487944061,-0.0289247161683736,-0.0130206197380024,0.0179048182338978,-0.0480729189625457,-0.00287787257333612,-0.0144470950566527,0.0245666788584706,0.00219014033496097,0.0340569238315871,0.00408210389209067,0.0186295302050084,-0.00594021935286907,-0.00539627792345708,0.0110406473582487,"OG0009334"
-0.0433833836057169,-0.0123538208960982,-0.00497397266169343,-0.00108934231581497,0.0103846990631979,-0.00657927101579532,-0.0035925320165958,-0.0101195616217492,-0.000244980685820251,0.0191483428265411,0.00494184073887121,0.00374660750536665,-0.018591614684218,0.000597347999156366,0.00712858892382369,-0.00586478248436068,-0.0012889979036734,0.0149073673383066,0.00849202819842346,-0.00141049797300068,0.00407014881859997,0.00114419736338877,-0.0223441637354018,-0.00281988040473424,-0.00949314336969619,0.0144705582467292,0.00958222518011562,0.0123123852048838,0.00254039662363022,-0.00501751225006178,-0.00236501035533562,-0.0290324069422222,0.00935574690796251,0.0106065867662945,-0.0190861639029241,-0.00575071969537827,"OG0007290"
-0.0433397182589523,-0.010930062504941,-0.00284152845303118,0.00235820959821335,-0.0228660434340995,-0.0103799803662536,0.00356283592967733,0.0191419291389328,0.0113263068806233,-0.0177244031706091,-0.00220514006930476,-0.00664334470884298,0.0172570186332769,0.0414499997409066,0.0250964008203197,0.0176926426703506,0.000411126945226004,-0.00913899266442277,-0.0221709814269158,0.00747415482138081,0.00028479461808037,-0.0205955258255219,0.0311849036528818,0.00746994196750698,-0.0172072224311315,0.0218338390413153,-0.0468066094609292,-0.0157241355486864,-0.0062638638635403,-0.0315858761904119,-0.00467306259043881,0.0154155358100733,0.00660963845738601,0.00200818500963396,0.00655265963053845,0.0172991698450472,"OG0011054"
-0.0427173894904054,-0.00529550646892789,0.00286714327280215,-0.00976322916371257,-0.00294202893225345,-0.00160187114634702,0.000967735264365325,0.0283367835523752,0.0178642321803695,0.00675866464618358,0.00896128810926902,-0.020246865533964,-0.00840563712236899,-0.0595726354070228,-0.000869047916094362,-0.0293590540093076,-0.00414153806016687,0.00146427034867969,0.00135876117059349,-0.00792929069736136,0.00450860654932391,-0.00120044197380807,-0.0158419700418089,-0.0229622373524951,0.018136520001882,-0.035356014928103,0.0142363835580434,0.0255299871092529,-0.00380126249650081,0.0131807881772708,0.0136784178829884,0.00651572941733972,0.00326681796086214,-0.000595635209496588,0.00708881088353596,-0.00187578599472423,"OG0011618"
-0.0425982072997914,-0.00441530017178347,-0.0011535841104457,-0.0195449261067057,0.00722212159674887,-0.0180841025242673,-0.00215052617187515,-0.0166198961667957,0.00862828208330257,0.00141482150603746,0.00748585742587237,-0.019332934144534,-0.017249967590926,-0.00183261591402473,0.00958268284519967,-0.00602397357388697,-0.020760709602148,7.88755552072723e-06,-0.000509990767815429,0.00828700384299699,0.000450110152033954,-0.00206080211970267,0.0577808217010671,0.00376617221743847,-8.21899299625139e-05,0.00753039682767831,-0.0105048982264387,0.0219591811794352,-0.00700863072411015,0.00282485947471137,0.01226934643778,-0.0110939871968613,-0.0058406217618879,0.00143757691246683,0.00010087932196619,0.00299216746502768,"OG0006453"
-0.0425558757129008,-0.0114376621843111,0.00209054775691443,0.00234803251030462,-0.000435474356982489,-0.00708121652714304,0.00560516615530244,0.0101677122767344,-0.000307814581006839,0.0196912205835818,-0.0186361399650527,0.0114004077045292,0.00279385892496488,0.00697350757528546,-0.0160244661474286,0.0240482224797857,0.00828168374864357,-0.0172238304087494,0.00826174950969049,0.0106223511999654,-0.00918392190412808,0.0289350350611539,-0.00328619658583496,-0.0315834675515557,-0.0136369830322636,-0.00751173418515303,8.43322434066436e-06,-0.000964904398221469,0.0185413794804455,-0.00139087480898467,-0.00230449022638291,0.00889089075782286,0.0013779461954048,0.0118392146288779,-0.00427763853136374,0.00600890695350483,"OG0012487"
-0.0425356097499501,0.00725217646329742,0.0410228864386426,-0.0436148650680059,-0.0248656610744576,-0.0268855094771686,0.00869386128453997,0.0166306054465314,-0.00209910039525401,0.0431308780423192,-0.000358682917422616,0.00887057659272111,-0.0251431576409323,0.0331131654382925,-0.0275634780297169,0.0201886238596649,-0.0150323924879664,0.0389534526925798,0.0351360809190541,0.00760817593939796,0.00737672663386659,-0.0219561325912954,-0.0157060658637015,0.0335311317096506,-0.00672218709737062,0.0341927571702003,0.013512220497875,0.0186904097393521,-0.00570472402608075,-0.0174124098738807,0.00950178710068048,0.0181135172337785,0.0329125199119822,0.0139629841790651,0.0125684111496166,-0.0148807641366535,"OG0006031"
-0.0422307902599122,-0.00363475014931826,0.0012093296924561,-0.00235825683898322,0.00584703524030252,-0.00418221024062477,0.00388740624443079,0.0166977511306121,0.00423263520101022,0.00387390483111312,0.0105498484758312,0.0128810228671649,0.0184803877198241,-0.0165536908155457,0.0105916267076673,0.0173281610464422,0.00928188083527897,-0.0065247407690265,-0.00369404791850214,-0.0135415444470441,-0.00920671238732442,0.0442725104169759,0.0146683271277165,0.0477082172679236,-0.0041767428072013,-0.000622850767627403,0.027558244084018,0.00818403727544778,4.16952699860948e-05,-0.00103725494676398,0.00350969189989637,0.00317083258038366,0.00742652881450334,0.0124445586690567,0.00510655536172409,-0.0139763939047908,"OG0009364"
0.0422021669809395,0.0157339274908208,0.0138081825055253,-0.0989680868745765,-0.015555627300495,-0.0289488495164316,0.00509848096150641,-0.00175090424653409,0.00815031780726159,0.0308656250552708,-0.00253662817806897,0.0693943289227896,0.00297409364758168,-0.0211149654713591,0.000531745580195372,0.0083164429354511,0.0121477213947089,0.0069089581757168,-0.00730595540737705,-0.0117368563585512,0.0133354482560356,0.00828634458767001,-0.0080227080578834,-0.0181829029477188,-0.0113265318360304,0.00618280466238642,-0.0284190647556911,0.0109829779557307,-0.0331338259583145,0.00656047086909886,-0.0128724761558856,-0.0328217951514738,0.00630706482862471,0.0045562196482278,-0.0276042935170103,-0.00294279651655977,"OG0005820"
-0.0421505070831589,-0.00518015316762292,0.00188672710556654,-0.00701549211693049,-0.0112507562426793,-0.0106243127869555,0.00351483547997064,-0.0212756178383002,-0.0293876724784594,-0.0183645591500739,0.0105530567030863,0.00652896950862725,-0.000124873115234047,0.0017063662854103,0.00677285206922976,-0.00845120668283942,-0.0105936853417419,-0.00495567177952708,-0.00883180392376843,-0.0024502136634052,-0.00528878888844201,-0.00103800471360208,-0.000978415520334088,-0.00592127702704405,-0.00184356215371939,-0.00530477835070759,0.0044377387982114,-0.0235454272470202,-0.00512226722357678,0.00928619494386565,0.00483395349711932,-0.00899486598165358,0.00373403699047267,-0.00347662784100955,-0.0022289723234165,-0.0185483698669532,"OG0008802"
0.0420762746912697,-0.0134058577568482,-0.0283451785943416,0.0220284787070986,-0.019420503788676,-0.00876724961521067,0.000371853353218623,0.0317806401187754,0.0123941115417931,-0.0181139157578133,-0.0127694258620326,0.00276285896114325,-0.0119886251016,0.0339848994163435,-0.0173374486787285,-0.0110386601747273,-0.0401999447732182,-0.0276947508355929,-0.0287059842818411,-0.0221374012122048,0.0157783094771934,0.0138789402530895,-0.0122063372740852,0.0253480788719622,-0.0684623259959414,-0.0213917562825592,0.0191376734797362,-0.00979828891129577,-0.00889612212770432,-0.00122608596663089,0.00802738473248657,-0.00345938355588505,0.00590267056437089,0.00169061280997746,-0.00528249330601854,-0.00443229495791591,"OG0009794"
-0.0417252546531804,-0.00418558765519633,-0.00156717082372792,-0.0174698345231076,-0.0057772041131404,-0.0052621756067332,-0.00200950603464606,0.00293341899599037,0.0086167379185852,0.0287970851676024,0.0368976329984388,-0.0302261644816291,-0.00186600981682258,-0.0276273243068374,-0.0275858030102337,-0.0251509821054565,-0.00122789522618336,0.0188431782135428,0.00544656028424573,-0.0123676249978752,-0.000502718132887884,0.00690194403422948,0.0303875069416445,-0.012895759996811,-0.00801341797916783,-0.0115129335660474,0.0283256613032766,-0.0138013882054575,0.0201944418483163,0.0147815322513983,0.0231213229438256,-0.0115366016386265,-0.00619937625402655,0.00158461316690087,0.0162238904226185,-0.00195583211185139,"OG0007565"
-0.0414504025967407,-0.012429991503438,-0.00866615069343238,0.00453174408791219,-0.0171044687679067,-0.00815068113391716,-0.00284499218707866,-0.0159803017409714,0.00341658325175571,-0.024638851658692,0.00188727557421094,-0.014462565531876,-0.00591154983079691,-0.00171356427113753,0.0222454800624689,-0.00274932145140148,-0.00368032702918882,-0.00950817616165569,0.0137368235256165,0.02499680495924,0.00481171944245104,0.00978598077828855,-0.00305646712325657,0.0132560573079485,0.0166984889050901,0.00966333673520537,-0.00270583864617733,0.00702571054686651,0.0052511247172452,-0.0179478614553123,0.00694340791352735,0.0037218368096458,0.000559093455838776,-0.00440660740588145,0.00548482523535776,0.00357265254512257,"OG0012230"
-0.041314972486254,-0.00155530322093898,0.00448478783004065,-0.00463318603590343,0.0138584665166521,0.00248026501103927,0.00122635135280402,0.0423695971566655,0.0378550686072837,-0.00303969040530996,-0.0180251469007343,-0.00110895283689921,0.028015052646729,0.0320880431304418,0.014993328915323,0.0134333520332219,0.0541231134590448,-0.0105275438359321,0.0504905919612227,0.0197455133325844,0.00454433890780274,0.0381865765371338,-0.00980753902028537,-0.02515097336252,0.0171775190602232,0.00164607416994488,-0.00138045971861873,-0.0104880076761208,-0.000448913345692917,0.0110794246741907,0.00262727521202849,0.0108386539673907,-0.0042325070974063,-0.0245278406121813,0.0111559561969445,-0.00979874235635274,"OG0009908"
-0.0412159476892833,-0.00116366764940091,0.0124794159991459,-0.0101581228481084,-0.035569080880113,-0.0284473903294795,0.00859625562555343,0.0032915673452529,-0.0316539202944951,0.0142284924053906,0.0212670128214323,-0.00639652746868672,-0.0190783523958418,-0.0160916433690965,-0.0458011127204775,-0.00800624496813993,-0.00150159480018605,0.0180814056330841,0.0164329695640861,-0.026478959429641,0.001524071465577,-0.00946654933762343,-0.00134949611423379,-0.00574800713082594,0.037853928358288,0.0236363829288444,0.00756271106848457,-0.00612189998083392,-0.004827520222235,0.00131463954746063,0.00738124901876795,-0.00021318295208157,0.00258558688737207,0.00180386617948104,-0.0152448836120865,0.00902964803351339,"OG0009297"
-0.0411885957605003,-0.0102427691838833,-0.0102433367950395,0.0139436772647469,-0.0187754084437592,0.00304182484746502,-0.00450424885954768,-0.0162643537081991,0.00351914858765559,0.0213296385474836,0.0120098448606818,0.00469899840157682,-0.027176757266973,-0.0221095833673673,-0.0223420955954003,0.0225458550903202,-0.0111087320594801,-0.0236217722099948,-0.0168576365807654,0.0108877990446732,0.00441053611813742,0.00497227595166638,-0.00519949671182267,-0.0252861144185581,-0.0162420279854196,-0.0282159362139196,-0.000636887428827873,0.0225028455430891,-0.0175787871326619,-0.00497196909995788,0.0015316936671531,-0.00237555420672785,-0.0101700642940233,0.0081483156005053,-0.00348767583695232,0.00830647831257103,"OG0006416"
-0.0405566393868323,-0.0114712783084751,-0.00898960656816209,0.00458010722870787,-0.00268465270578636,-0.00271809253961181,-0.00132553267711937,0.00704483659749698,0.0186175629764746,-0.00995820328893252,-0.00689253824376914,-0.0287061119354219,-0.0288461309318968,-0.00292203114345945,0.00707899757517995,-0.0279795771377863,0.0246280197402932,-0.00850001986373585,-0.00764298080228046,-0.00980418076055543,0.00825488113190826,-0.0105320553489517,-0.00748559512227167,0.00225890937340943,0.000345732529522771,-0.0125169079217569,-0.000982948852151435,-0.00310961145146851,-0.00718452288752109,-0.00380988458281833,0.00905083815440551,-0.00222314797914654,-0.0136923804163241,-0.00509502847776573,-0.0122477184804334,-0.00736773223006242,"OG0011325"
-0.040467394263546,-0.00918978486069287,-0.00396079674640077,0.0039460206355876,-0.00188105283380789,-0.00736492166965599,-0.00231744302332974,-0.0137517258320334,0.0115446932313342,-0.0183131641450723,-0.0130338435738141,0.0298362893211983,0.0128522359194982,0.00127811411519585,-0.0184613407936343,0.0315884155137287,0.0364417344908744,-0.0273444606881323,0.00415970675428208,0.0214403348713311,-0.0013362005832645,0.0375531753456827,0.00346484058001417,0.0107579006858686,-0.0431886590976124,-0.0192617258840396,0.00317892530226037,-0.00139357851475583,0.00980521451471213,-0.000342657054571078,0.00441072933649665,0.00076033754317525,-0.00492752352369593,-0.000590266556527881,0.0107155246956744,0.0108550952144331,"OG0009093"
-0.0402227999281339,-0.000356072905446869,0.0111611073880228,-0.0106919859981625,-0.0237962815474883,-0.021374956210943,0.0119863846664028,-0.0120036103792893,-0.0505570800077512,-0.0261047293453099,-0.0121510540543718,0.000271686546320036,-0.00429362651278932,0.00752381953575538,0.0143590426273154,-0.00866802015956539,0.00327996476262785,-0.00487858565402537,0.00837148288723554,-0.00779997410500651,0.00164240888689609,-0.0017442773261251,-0.0176212608827515,0.00776368394286083,-0.0020749383085839,0.0181932847595099,-0.00134534950723154,-0.000760650580622178,0.00783827327735325,0.0163039008926196,0.00466786981041368,0.0026528061222561,-0.00516219419045327,-0.0128124306556125,-0.00180901103212089,-0.00275920262922274,"OG0010563"
-0.0397722538862677,0.0045982190637081,0.0272110084059029,-0.000331394842729844,-0.0280393710009579,-0.00888543741941656,0.0146018389156105,0.011789543008802,-0.0455247205177286,0.0127102297456567,0.00255314076808966,0.00213113396808481,-0.0509893696039055,-0.036102650628874,-0.048103407490721,0.0144676450786949,0.0289024271294696,0.0203775247768408,0.0373602600108507,-0.00948891296824685,0.00379261621700165,0.00581620349294331,-0.0142853629337906,0.0140714481917812,-0.0166863316501159,-0.00423017732807294,0.0171325980183846,-0.00257823997538492,-0.0120741573864424,-0.000245893548491761,0.00451023921197403,-0.00188659796463272,0.00429160264952525,-0.00316159676200829,-0.0189804353150943,-0.0129711522687153,"OG0011180"
0.039695620020193,0.0204825826006911,0.001489721853427,-0.0177115248334007,0.00185970204794893,-0.0247677297789371,-0.00233460682094474,-0.00947296953133562,0.00217995255108469,0.0166963937290274,-0.00329665251887906,-0.00769263532335477,0.00253018712324413,-0.00223917584819272,0.01200671826849,0.00096543043011335,0.00487954409053235,-0.0109889524490718,0.0104817145952145,-0.00882067894312824,0.0205305405681205,0.00794423171692983,-0.00523616987599703,-0.00240061194470509,-0.00432825351370279,-0.00542161805638799,-0.00437312616636711,-0.00306601552242715,-0.000250469734705551,0.00605604474173605,0.00324048464103221,0.00561903410206843,0.000275850362597254,-0.00468365262107902,0.00259601045614123,-0.0131378994169296,"OG0008750"
-0.0395873821098817,0.00106502343551077,0.00991610141990073,0.000858678038136533,-0.00158405715490227,0.0120593563017271,0.00502883752369559,0.024614350085886,0.00789212076686277,-0.00665526654223563,-0.00219439941958797,0.0142120834898887,0.0171422621314252,-0.00176091439721371,-0.0268239084612986,0.0213454278920687,0.00288725612555153,0.0107296068594629,0.0116379416087798,0.0231939105895802,-0.00464859166616866,0.0253457505120884,0.00303452089946185,-0.0108153661177325,0.00202125617398485,-0.0084747296884136,0.00659319603736502,-0.0182502341905809,-0.00836713803774529,0.00529257764118211,0.0049024040177299,-0.000109202023269283,-0.0097012041279751,-0.00375471131688916,0.00140299982699369,0.0114154431854372,"OG0006154"
-0.0393168613092626,-0.00923345076988514,-0.0091602748902667,-0.00854114383529304,0.010753164723855,-0.00307511579069886,-0.00269061616067318,-0.000157600948402129,0.0090720498923223,0.000369204553370678,0.00308771572602369,-0.00501344172019966,-0.00864950523729983,-0.00456324733806043,0.0091604587886361,-0.00613946320601382,-0.00454801913963183,-0.00287913297658106,0.00846325818466482,0.00765528102928548,-0.00205663657233606,0.00155535495390019,-0.0228058945882831,0.0138215934989353,0.0131829671727049,-0.00290711158100812,0.0270494995802109,0.00105789378485741,-0.00949849717031086,-0.0273868534903347,-0.00171664415724958,-0.00581473945751562,-0.0047732520425821,-1.40630474528087e-05,-0.00612596313513633,0.016025651705867,"OG0006510"
-0.0392459663481816,0.00183099521951018,0.0198571820270209,-0.032288653508786,0.0107343862797159,0.00138213462880307,0.00206635783967631,0.0179972300775639,0.0204326248006412,0.0206269824880896,-0.0194774812745765,-0.0235266984275911,0.0182172313973203,0.0333903771061273,-0.00885502310225394,-0.00465666222798051,-0.0407244240468297,-0.00825766419727485,-0.00505960072191113,-0.0101947742849187,-0.00489939577504917,-0.0134124266038087,-0.00369762879221835,-0.01155288664987,0.00825303368221489,-0.000490177986999218,-0.00291241561229198,-0.00461842581640599,0.00468329907288285,-0.00595862499599918,-0.00204872724133152,0.00587179083583826,0.0137922006844519,-0.00341345638655379,0.0207173928768079,0.0157410052641207,"OG0012570"
